CREATE DATABASE  IF NOT EXISTS `restaurant_private` /*!40100 DEFAULT CHARACTER SET utf8mb4 COLLATE utf8mb4_0900_ai_ci */ /*!80016 DEFAULT ENCRYPTION='N' */;
USE `restaurant_private`;
-- MySQL dump 10.13  Distrib 8.0.22, for Win64 (x86_64)
--
-- Host: localhost    Database: restaurant_private
-- ------------------------------------------------------
-- Server version	8.0.22

/*!40101 SET @OLD_CHARACTER_SET_CLIENT=@@CHARACTER_SET_CLIENT */;
/*!40101 SET @OLD_CHARACTER_SET_RESULTS=@@CHARACTER_SET_RESULTS */;
/*!40101 SET @OLD_COLLATION_CONNECTION=@@COLLATION_CONNECTION */;
/*!50503 SET NAMES utf8 */;
/*!40103 SET @OLD_TIME_ZONE=@@TIME_ZONE */;
/*!40103 SET TIME_ZONE='+00:00' */;
/*!40014 SET @OLD_UNIQUE_CHECKS=@@UNIQUE_CHECKS, UNIQUE_CHECKS=0 */;
/*!40014 SET @OLD_FOREIGN_KEY_CHECKS=@@FOREIGN_KEY_CHECKS, FOREIGN_KEY_CHECKS=0 */;
/*!40101 SET @OLD_SQL_MODE=@@SQL_MODE, SQL_MODE='NO_AUTO_VALUE_ON_ZERO' */;
/*!40111 SET @OLD_SQL_NOTES=@@SQL_NOTES, SQL_NOTES=0 */;

--
-- Table structure for table `allergen`
--

DROP TABLE IF EXISTS `allergen`;
/*!40101 SET @saved_cs_client     = @@character_set_client */;
/*!50503 SET character_set_client = utf8mb4 */;
CREATE TABLE `allergen` (
  `allergen_ID` int NOT NULL AUTO_INCREMENT,
  `name` varchar(45) NOT NULL,
  `icon_uri` varchar(200) DEFAULT NULL,
  PRIMARY KEY (`allergen_ID`)
) ENGINE=InnoDB AUTO_INCREMENT=15 DEFAULT CHARSET=utf8mb4 COLLATE=utf8mb4_0900_ai_ci;
/*!40101 SET character_set_client = @saved_cs_client */;

--
-- Dumping data for table `allergen`
--

LOCK TABLES `allergen` WRITE;
/*!40000 ALTER TABLE `allergen` DISABLE KEYS */;
INSERT INTO `allergen` VALUES (1,'cereals containing gluten',NULL),(2,'crustaceans',NULL),(3,'eggs',NULL),(4,'fish',NULL),(5,'peanuts',NULL),(6,'soybeans',NULL),(7,'milk',NULL),(8,'nuts',NULL),(9,'celery',NULL),(10,'mustard',NULL),(11,'sesame seeds',NULL),(12,'sulphur dioxide and sulphites',NULL),(13,'lupin',NULL),(14,'molluscs',NULL);
/*!40000 ALTER TABLE `allergen` ENABLE KEYS */;
UNLOCK TABLES;

--
-- Table structure for table `booking`
--

DROP TABLE IF EXISTS `booking`;
/*!40101 SET @saved_cs_client     = @@character_set_client */;
/*!50503 SET character_set_client = utf8mb4 */;
CREATE TABLE `booking` (
  `booking_ID` int NOT NULL AUTO_INCREMENT,
  `customer_ID` int NOT NULL,
  `table_ID` int NOT NULL,
  `booking_time` datetime NOT NULL DEFAULT CURRENT_TIMESTAMP,
  PRIMARY KEY (`booking_ID`),
  KEY `fk_booking_table_idx` (`table_ID`),
  KEY `fk_booking_customer_idx` (`customer_ID`),
  CONSTRAINT `fk_booking_customer` FOREIGN KEY (`customer_ID`) REFERENCES `myapp`.`customer` (`customer_ID`) ON DELETE CASCADE ON UPDATE CASCADE,
  CONSTRAINT `fk_booking_table` FOREIGN KEY (`table_ID`) REFERENCES `table` (`table_number`) ON DELETE RESTRICT ON UPDATE CASCADE
) ENGINE=InnoDB AUTO_INCREMENT=51 DEFAULT CHARSET=utf8mb4 COLLATE=utf8mb4_0900_ai_ci;
/*!40101 SET character_set_client = @saved_cs_client */;

--
-- Dumping data for table `booking`
--

LOCK TABLES `booking` WRITE;
/*!40000 ALTER TABLE `booking` DISABLE KEYS */;
INSERT INTO `booking` VALUES (1,97,12,'2020-12-01 13:11:32'),(2,44,8,'2021-01-01 02:26:07'),(3,100,1,'2019-12-24 12:28:47'),(4,62,27,'2020-04-12 13:39:52'),(5,4,19,'2021-01-13 00:57:34'),(6,12,16,'2020-01-31 08:54:19'),(7,84,6,'2020-05-03 11:00:11'),(8,81,17,'2020-06-29 23:59:05'),(9,87,5,'2020-02-27 14:51:29'),(10,81,23,'2020-11-01 06:01:51'),(11,24,29,'2021-01-28 13:10:39'),(12,34,2,'2020-06-01 12:43:40'),(13,65,19,'2020-11-15 21:16:54'),(14,16,28,'2020-08-24 10:34:49'),(15,27,18,'2020-11-30 17:49:38'),(16,51,8,'2020-08-22 14:24:37'),(17,89,1,'2020-05-07 04:40:54'),(18,61,26,'2020-12-13 03:48:47'),(19,76,14,'2020-03-03 09:51:32'),(20,3,8,'2021-02-08 20:21:38'),(21,5,2,'2020-11-25 01:27:40'),(22,39,4,'2020-10-21 22:04:03'),(23,3,2,'2020-02-24 13:24:52'),(24,65,16,'2020-05-27 00:00:39'),(25,44,20,'2021-01-29 13:10:31'),(26,20,25,'2020-04-25 06:12:15'),(27,14,14,'2020-01-17 06:10:52'),(28,97,25,'2020-06-14 11:53:46'),(29,25,24,'2020-02-28 17:32:17'),(30,97,3,'2021-01-12 04:44:22'),(31,41,14,'2020-04-01 04:47:18'),(32,77,7,'2020-06-08 20:52:00'),(33,73,15,'2020-05-16 10:09:07'),(34,60,27,'2020-09-28 12:42:44'),(35,88,14,'2020-06-15 15:43:02'),(36,2,8,'2020-05-13 16:35:18'),(37,32,25,'2020-04-23 20:22:54'),(38,18,16,'2020-04-06 02:43:10'),(39,6,13,'2020-05-10 03:52:43'),(40,49,7,'2020-07-14 19:00:19'),(41,65,11,'2020-11-26 10:28:48'),(42,68,3,'2020-11-21 10:39:44'),(43,82,2,'2020-09-20 11:15:47'),(44,77,3,'2020-01-12 07:04:41'),(45,84,24,'2020-07-18 02:49:03'),(46,60,6,'2020-05-13 02:24:10'),(47,14,28,'2021-02-27 01:52:05'),(48,94,8,'2020-08-31 10:18:15'),(49,4,11,'2020-09-12 17:19:42'),(50,78,26,'2020-08-23 15:20:34');
/*!40000 ALTER TABLE `booking` ENABLE KEYS */;
UNLOCK TABLES;

--
-- Table structure for table `business_hours`
--

DROP TABLE IF EXISTS `business_hours`;
/*!40101 SET @saved_cs_client     = @@character_set_client */;
/*!50503 SET character_set_client = utf8mb4 */;
CREATE TABLE `business_hours` (
  `business_hours_ID` int NOT NULL AUTO_INCREMENT,
  `week_day` int NOT NULL,
  `open` tinyint NOT NULL,
  `open_hour` time DEFAULT NULL,
  `close_hour` time DEFAULT NULL,
  PRIMARY KEY (`business_hours_ID`)
) ENGINE=InnoDB AUTO_INCREMENT=11 DEFAULT CHARSET=utf8mb4 COLLATE=utf8mb4_0900_ai_ci;
/*!40101 SET character_set_client = @saved_cs_client */;

--
-- Dumping data for table `business_hours`
--

LOCK TABLES `business_hours` WRITE;
/*!40000 ALTER TABLE `business_hours` DISABLE KEYS */;
INSERT INTO `business_hours` VALUES (1,1,1,'08:00:00','16:00:00'),(2,1,1,'18:00:00','24:00:00'),(3,2,1,'10:00:00','15:30:00'),(4,2,1,'17:00:00','22:30:00'),(5,3,0,NULL,NULL),(6,4,1,'10:00:00','22:30:00'),(7,5,1,'09:00:00','15:30:00'),(8,5,1,'17:00:00','22:30:00'),(9,6,1,'10:00:00','22:30:00'),(10,7,1,'08:00:00','24:00:00');
/*!40000 ALTER TABLE `business_hours` ENABLE KEYS */;
UNLOCK TABLES;

--
-- Table structure for table `contract`
--

DROP TABLE IF EXISTS `contract`;
/*!40101 SET @saved_cs_client     = @@character_set_client */;
/*!50503 SET character_set_client = utf8mb4 */;
CREATE TABLE `contract` (
  `contract_ID` int NOT NULL AUTO_INCREMENT,
  `type` int NOT NULL,
  `hire_date` date NOT NULL,
  `duration` int NOT NULL,
  `holiday_number` int NOT NULL,
  `salary` decimal(7,2) NOT NULL,
  `employee_ID` int NOT NULL,
  PRIMARY KEY (`contract_ID`),
  KEY `fk_contract_employee_idx` (`employee_ID`),
  KEY `fk_contract_type_idx` (`type`),
  CONSTRAINT `fk_contract_employee` FOREIGN KEY (`employee_ID`) REFERENCES `employee` (`employee_ID`) ON DELETE CASCADE ON UPDATE CASCADE,
  CONSTRAINT `fk_contract_type` FOREIGN KEY (`type`) REFERENCES `myapp`.`contract_type` (`type_ID`) ON DELETE RESTRICT ON UPDATE RESTRICT
) ENGINE=InnoDB AUTO_INCREMENT=101 DEFAULT CHARSET=utf8mb4 COLLATE=utf8mb4_0900_ai_ci;
/*!40101 SET character_set_client = @saved_cs_client */;

--
-- Dumping data for table `contract`
--

LOCK TABLES `contract` WRITE;
/*!40000 ALTER TABLE `contract` DISABLE KEYS */;
INSERT INTO `contract` VALUES (1,1,'2020-04-16',7,17,1041.14,3),(2,5,'2021-03-04',4,13,1079.05,4),(3,4,'2020-03-22',4,30,2866.99,1),(4,7,'2020-04-05',5,30,633.36,5),(5,3,'2020-10-10',6,19,1809.37,10),(6,3,'2020-03-20',8,14,814.71,6),(7,2,'2021-10-31',7,13,724.53,7),(8,5,'2020-11-29',7,10,2193.41,2),(9,1,'2021-11-20',4,12,1026.15,8),(10,3,'2020-09-29',8,23,955.92,9);
/*!40000 ALTER TABLE `contract` ENABLE KEYS */;
UNLOCK TABLES;

--
-- Table structure for table `customer`
--

DROP TABLE IF EXISTS `customer`;
/*!40101 SET @saved_cs_client     = @@character_set_client */;
/*!50503 SET character_set_client = utf8mb4 */;
CREATE TABLE `customer` (
  `customer_ID` int NOT NULL AUTO_INCREMENT,
  `first_name` varchar(45) NOT NULL,
  `last_name` varchar(45) NOT NULL,
  `phone` varchar(15) NOT NULL,
  `email` varchar(100) NOT NULL,
  `username` varchar(45) NOT NULL,
  `password` varchar(45) NOT NULL,
  `profile` varchar(500) DEFAULT NULL,
  `register_date` datetime NOT NULL,
  `last_login` datetime NOT NULL,
  `address` varchar(150) DEFAULT NULL,
  `floor` varchar(5) DEFAULT NULL,
  `door` varchar(5) DEFAULT NULL,
  `city` varchar(45) DEFAULT NULL,
  `zip_code` varchar(45) NOT NULL,
  `country` varchar(45) NOT NULL,
  PRIMARY KEY (`customer_ID`)
) ENGINE=InnoDB AUTO_INCREMENT=101 DEFAULT CHARSET=utf8mb4 COLLATE=utf8mb4_0900_ai_ci;
/*!40101 SET character_set_client = @saved_cs_client */;

--
-- Dumping data for table `customer`
--

LOCK TABLES `customer` WRITE;
/*!40000 ALTER TABLE `customer` DISABLE KEYS */;
INSERT INTO `customer` VALUES (1,'Kadeem','Arnold','(694) 365-3573','natoque.penatibus@estNunc.net','mauris.','SAA63MQC5MJ','arcu. Vestibulum ante ipsum primis in faucibus orci luctus et ultrices posuere cubilia Curae;','2021-06-09 07:27:59','2021-09-19 22:33:40','481-2531 Turpis. Road','6','0','Lleida','18975','Spain'),(2,'Mikayla','Pickett','(776) 815-7819','quis.urna@FuscefeugiatLorem.co.uk','Sed','HYI34BRS5AQ','vulputate, risus a ultricies adipiscing, enim mi tempor lorem, eget mollis lectus pede et risus. Quisque libero lacus, varius et, euismod et, commodo at, libero. Morbi accumsan laoreet ipsum. Curabitur consequat, lectus sit amet luctus vulputate, nisi','2020-11-19 23:09:16','2020-12-14 23:39:26','Ap #544-3836 A, Rd.','7','0','Tarragona','45922','Spain'),(3,'Zachery','Pennington','(878) 234-9972','Ut.semper.pretium@vitae.edu','lorem','RZF24QDC4PX','nec tempus mauris erat eget ipsum. Suspendisse sagittis. Nullam vitae diam. Proin','2021-10-02 06:34:41','2021-11-10 22:27:24','P.O. Box 403, 1946 A St.','1','4','Ourense','22854','Spain'),(4,'Porter','Cunningham','(968) 424-7739','sollicitudin.orci.sem@sem.net','enim,','ZJN69XKY5PI','Sed eu eros. Nam consequat dolor vitae dolor. Donec fringilla. Donec feugiat metus sit amet ante. Vivamus non lorem vitae odio sagittis semper. Nam tempor diam dictum sapien. Aenean massa. Integer vitae nibh.','2020-03-13 06:11:28','2020-10-20 10:05:45','9177 Aliquet Rd.','0','2','Leganés','31595','Spain'),(5,'Rooney','Merritt','(928) 336-8178','mauris.elit.dictum@Nuncsollicitudincommodo.edu','lorem,','XLI02GGU3PS','ac turpis egestas. Fusce aliquet magna a neque. Nullam ut nisi a odio semper cursus. Integer mollis. Integer tincidunt aliquam arcu. Aliquam ultrices iaculis odio. Nam interdum enim non nisi. Aenean eget metus. In','2020-08-15 18:20:38','2020-07-28 01:08:28','150-794 Dis Street','5','2','Tarrasa','55386','Spain'),(6,'Bernard','Boyd','(299) 455-6791','interdum.Nunc.sollicitudin@Duiselementumdui.org','quis','VGM84WOG7IE','mi eleifend egestas. Sed pharetra, felis eget varius ultrices, mauris ipsum porta elit, a feugiat tellus lorem eu metus. In','2020-10-01 13:15:05','2020-02-18 11:40:08','940-302 Metus Av.','5','3','Jaén','83026','Spain'),(7,'Jordan','William','(854) 265-6926','Mauris.vestibulum.neque@eleifendnunc.com','diam','KTZ23KUA2UR','ac risus. Morbi metus. Vivamus euismod urna. Nullam lobortis quam a felis ullamcorper viverra. Maecenas iaculis aliquet diam. Sed diam lorem, auctor quis,','2020-06-28 13:48:18','2020-01-19 08:11:20','Ap #772-6969 Dui. Rd.','9','2','A Coruña','52975','Spain'),(8,'Sonia','Floyd','(315) 793-2583','mollis.dui.in@tellusPhaselluselit.edu','nunc','TGY27UBI3KH','nunc risus varius orci, in consequat enim diam vel arcu. Curabitur ut odio vel est tempor bibendum. Donec felis orci, adipiscing non, luctus sit amet, faucibus ut, nulla. Cras eu tellus eu augue porttitor interdum. Sed auctor odio a purus. Duis elementum,','2021-10-28 14:56:01','2021-10-18 23:35:52','P.O. Box 379, 1737 Mattis. Street','2','3','Huesca','41363','Spain'),(9,'Shelley','Delacruz','(108) 924-2848','tempor.est@loremvitaeodio.edu','vulputate,','QMA05TSD7KU','sapien, gravida non, sollicitudin a, malesuada id, erat. Etiam vestibulum massa rutrum magna. Cras convallis convallis dolor. Quisque tincidunt pede ac urna. Ut tincidunt','2020-03-29 18:03:18','2021-01-19 18:02:21','581-3830 Sem Rd.','3','2','Valladolid','81445','Spain'),(10,'Grace','Flynn','(450) 929-7136','arcu.et@Nullamvitae.org','senectus','ZNF83BXI6SZ','eget, dictum placerat, augue. Sed molestie. Sed id risus quis diam luctus lobortis. Class aptent taciti sociosqu ad litora torquent per conubia nostra, per inceptos hymenaeos. Mauris ut quam vel sapien imperdiet ornare. In faucibus. Morbi vehicula. Pellentesque tincidunt tempus risus.','2020-01-04 17:29:02','2021-01-25 23:42:11','5301 Maecenas Rd.','8','4','Valladolid','79238','Spain'),(11,'Aristotle','Shepard','(736) 245-1612','faucibus.Morbi.vehicula@gravidanon.com','metus','JIL32SLI9DP','Aenean eget metus. In nec orci. Donec nibh. Quisque nonummy ipsum non arcu. Vivamus sit amet risus. Donec egestas. Aliquam nec enim. Nunc ut erat. Sed nunc est, mollis non, cursus non, egestas a, dui. Cras pellentesque. Sed dictum. Proin eget odio. Aliquam vulputate ullamcorper magna. Sed eu','2021-03-07 22:36:23','2021-03-21 03:39:05','734 Molestie. Street','7','3','Jerez de la Frontera','53895','Spain'),(12,'Blaine','Boyd','(836) 776-2658','velit@amet.ca','neque.','RCV26RGS5HB','est arcu ac orci. Ut semper pretium neque. Morbi quis urna. Nunc quis arcu vel quam dignissim pharetra. Nam ac nulla. In tincidunt congue turpis. In condimentum. Donec at arcu. Vestibulum ante ipsum primis in faucibus orci luctus et ultrices posuere cubilia Curae; Donec tincidunt. Donec vitae','2020-12-16 14:50:09','2020-09-17 06:06:30','Ap #279-7543 Curabitur Ave','3','0','Donosti','55439','Spain'),(13,'Veronica','Doyle','(553) 733-6459','ridiculus.mus@Namtempordiam.com','mi','CXK23LKX8MG','egestas hendrerit neque. In ornare sagittis felis. Donec tempor, est ac mattis semper, dui lectus rutrum urna, nec luctus felis purus ac tellus. Suspendisse sed dolor. Fusce mi lorem, vehicula et, rutrum eu,','2020-12-20 23:47:16','2020-12-26 23:30:18','Ap #177-3309 Eu Avenue','10','4','Gijón','10070','Spain'),(14,'Desirae','Ochoa','(427) 289-8805','mauris.erat.eget@consectetuer.edu','massa','PZH72LOV8JD','consectetuer mauris id sapien. Cras dolor dolor, tempus non, lacinia at, iaculis quis, pede. Praesent eu dui. Cum sociis natoque','2021-07-25 06:59:53','2020-12-27 02:30:34','5677 Pede, St.','5','2','Dos Hermanas','19384','Spain'),(15,'Brendan','Wilkins','(534) 853-7361','aliquet.magna.a@liberoInteger.co.uk','ligula','IZR06AIW0YG','orci quis lectus. Nullam suscipit, est ac facilisis facilisis, magna tellus faucibus leo, in lobortis tellus justo sit amet nulla. Donec','2020-04-24 23:56:47','2020-07-10 10:30:08','Ap #531-6522 At, St.','7','3','Alacant','42634','Spain'),(16,'Jonas','Bowers','(175) 518-9885','non.magna@diamdictum.com','in','RSS35YNI8EM','augue. Sed molestie. Sed id risus quis diam luctus lobortis. Class aptent taciti sociosqu ad litora torquent per conubia nostra, per inceptos hymenaeos. Mauris ut quam vel sapien imperdiet ornare. In faucibus. Morbi vehicula. Pellentesque tincidunt tempus risus. Donec','2020-06-22 23:02:39','2020-01-14 03:00:11','3119 Eleifend Avenue','3','0','Ávila','23208','Spain'),(17,'Wang','Goodwin','(401) 712-3855','turpis.egestas.Aliquam@faucibusorciluctus.ca','mauris','WVS29ICN3AG','vel, faucibus id, libero. Donec consectetuer mauris id sapien. Cras dolor dolor, tempus non, lacinia at, iaculis quis, pede.','2021-07-05 08:02:20','2021-11-06 19:55:53','P.O. Box 858, 4443 Tellus Avenue','10','4','Santander','59634','Spain'),(18,'Dennis','Alston','(609) 941-4433','Pellentesque.ut.ipsum@amagna.net','nec,','VZU88KPR0CE','natoque penatibus et magnis dis parturient montes, nascetur ridiculus mus. Proin vel arcu eu odio tristique pharetra. Quisque ac libero nec ligula consectetuer rhoncus. Nullam velit dui, semper et, lacinia vitae,','2021-11-12 01:53:49','2021-07-03 09:49:20','672-6209 Malesuada Road','7','0','Ourense','42207','Spain'),(19,'Tashya','Molina','(290) 840-5256','tellus@quismassa.org','scelerisque,','AVM97LRV0ND','Donec fringilla. Donec feugiat metus sit amet ante. Vivamus non lorem vitae odio sagittis semper. Nam tempor diam dictum sapien. Aenean massa. Integer vitae nibh. Donec est mauris, rhoncus id, mollis nec, cursus a, enim. Suspendisse aliquet, sem ut cursus luctus, ipsum leo elementum','2021-09-28 07:04:12','2021-11-02 10:56:36','P.O. Box 916, 3382 Ligula. Ave','2','2','Jerez de la Frontera','34154','Spain'),(20,'Elaine','Harrington','(847) 885-8610','amet.consectetuer@atpretiumaliquet.com','libero.','TLV55LCX9OK','lobortis tellus justo sit amet nulla. Donec non justo. Proin non massa non ante bibendum ullamcorper. Duis cursus, diam at','2020-06-07 07:40:15','2021-04-19 09:17:57','Ap #885-1279 Sapien. Street','3','0','Melilla','00982','Spain'),(21,'Callum','Brady','(198) 176-0953','magna.Ut.tincidunt@justoeuarcu.ca','molestie','KKM04BLM1QY','placerat eget, venenatis a, magna. Lorem ipsum dolor sit amet, consectetuer adipiscing elit. Etiam laoreet, libero et tristique pellentesque, tellus sem mollis dui, in sodales elit erat vitae risus. Duis a mi fringilla mi lacinia mattis. Integer eu lacus. Quisque','2019-12-26 09:06:06','2021-10-16 04:11:45','175-1204 Luctus Street','0','4','Santander','33621','Spain'),(22,'Shea','Taylor','(701) 442-1074','interdum@liberolacus.co.uk','vel','JHV72ANW0BN','elit, pretium et, rutrum non, hendrerit id, ante. Nunc mauris sapien, cursus in, hendrerit consectetuer, cursus et, magna. Praesent interdum ligula eu enim. Etiam imperdiet dictum magna. Ut tincidunt orci quis lectus. Nullam suscipit, est ac facilisis facilisis, magna tellus','2021-07-01 06:10:24','2020-05-19 18:43:58','Ap #538-1991 Urna Rd.','4','2','Cáceres','23898','Spain'),(23,'Trevor','Melendez','(700) 873-8435','ante.lectus@Duisac.org','nibh','TSU44JLR5DA','consectetuer euismod est arcu ac orci. Ut semper pretium neque. Morbi quis urna.','2021-09-14 15:39:54','2021-10-12 11:45:03','Ap #727-8279 Sed Road','0','2','Gijón','95072','Spain'),(24,'Lareina','Nash','(204) 670-5198','ac.arcu.Nunc@consectetuer.ca','interdum','YBL58XGW8PO','gravida nunc sed pede. Cum sociis natoque penatibus et magnis dis parturient montes, nascetur ridiculus mus. Proin vel arcu eu odio tristique pharetra. Quisque ac libero nec ligula consectetuer rhoncus. Nullam velit','2021-01-27 16:54:15','2021-01-13 18:16:45','2172 Magna St.','6','2','Oviedo','99341','Spain'),(25,'Hope','Carpenter','(782) 948-4020','eget.laoreet.posuere@Curabitursed.net','ut','MXY77VNK0EA','Mauris molestie pharetra nibh. Aliquam ornare, libero at auctor ullamcorper, nisl arcu iaculis enim, sit amet ornare','2020-01-26 08:56:38','2020-01-27 20:02:59','P.O. Box 367, 5260 Fringilla St.','10','0','Pamplona','45936','Spain'),(26,'Jemima','Shepherd','(768) 569-1332','non@dapibusid.org','arcu','ASA49HCT7AU','senectus et netus et malesuada fames ac turpis egestas. Fusce aliquet magna a neque. Nullam ut nisi a odio semper cursus. Integer mollis. Integer tincidunt aliquam arcu. Aliquam ultrices iaculis odio. Nam interdum enim non nisi. Aenean eget metus. In nec orci. Donec nibh.','2021-11-01 01:33:26','2020-04-22 19:18:57','P.O. Box 452, 5214 Auctor Rd.','4','2','Melilla','25947','Spain'),(27,'Gabriel','Farrell','(666) 885-8423','risus.Duis.a@nec.co.uk','Maecenas','HNU49ORB9ZF','ante ipsum primis in faucibus orci luctus et ultrices posuere cubilia Curae; Phasellus ornare. Fusce mollis. Duis sit amet diam eu dolor egestas rhoncus. Proin nisl sem, consequat nec, mollis vitae, posuere at, velit. Cras lorem lorem, luctus ut, pellentesque eget, dictum placerat,','2020-06-27 20:00:25','2021-09-12 18:31:59','Ap #476-2373 Feugiat. Ave','9','4','Murcia','44257','Spain'),(28,'Illana','Mayer','(776) 574-9166','interdum.feugiat.Sed@risusaultricies.net','hendrerit','EGD56BXV0FK','urna, nec luctus felis purus ac tellus. Suspendisse sed dolor. Fusce mi lorem, vehicula et, rutrum eu, ultrices sit amet,','2021-07-02 07:09:18','2021-04-25 04:07:54','Ap #344-2695 Ornare, Av.','3','3','Málaga','97520','Spain'),(29,'Kermit','Christian','(729) 341-0263','molestie.dapibus@Inmipede.com','volutpat.','QXT28NMR4CA','sociis natoque penatibus et magnis dis parturient montes, nascetur ridiculus mus. Proin vel nisl. Quisque fringilla euismod enim.','2020-04-22 23:50:23','2020-04-10 12:48:30','292-729 Dignissim. St.','6','1','Telde','23171','Spain'),(30,'Raya','Burt','(891) 668-4834','Phasellus.dapibus@viverraDonec.com','per','XMK51DVA2BU','nunc nulla vulputate dui, nec tempus mauris erat eget ipsum. Suspendisse sagittis. Nullam vitae diam. Proin dolor. Nulla semper tellus id nunc interdum feugiat. Sed nec metus facilisis lorem','2020-06-22 20:21:48','2020-02-14 20:43:35','Ap #691-6793 Vel, Street','0','3','Pamplona','78079','Spain'),(31,'Hall','Miles','(346) 871-0056','Donec.nibh@risusNullaeget.org','vitae','KWO24PXF1JB','faucibus orci luctus et ultrices posuere cubilia Curae; Phasellus ornare. Fusce mollis. Duis sit amet diam eu dolor egestas rhoncus. Proin nisl sem, consequat nec, mollis vitae, posuere at, velit. Cras lorem lorem, luctus ut,','2020-12-22 16:18:21','2020-05-19 21:44:57','P.O. Box 123, 7340 Mauris St.','0','3','Baracaldo','21569','Spain'),(32,'Miranda','Mcneil','(431) 703-7308','ac.mattis@Donecfringilla.ca','metus','QWA69BXH5TG','ligula eu enim. Etiam imperdiet dictum magna. Ut tincidunt orci quis lectus. Nullam suscipit, est ac facilisis facilisis, magna tellus faucibus','2021-04-25 17:18:46','2021-01-04 06:34:01','4211 Rhoncus. Street','8','1','San Cristóbal de la Laguna','05934','Spain'),(33,'Clayton','Garza','(278) 713-1557','montes.nascetur@feugiattellus.ca','ligula.','DZA03EOS8VU','Sed id risus quis diam luctus lobortis. Class aptent taciti sociosqu ad litora torquent per','2021-08-10 13:38:05','2021-11-19 03:40:38','2390 Curabitur Avenue','10','4','Gasteiz','05672','Spain'),(34,'Lydia','Bryant','(758) 522-3086','eu.enim.Etiam@ligula.net','porttitor','ZMM94XYC5XW','et, eros. Proin ultrices. Duis volutpat nunc sit amet metus. Aliquam erat volutpat. Nulla facilisis.','2021-11-19 02:53:24','2021-08-01 22:36:06','295-862 Justo St.','0','0','Reus','52527','Spain'),(35,'Knox','Franks','(391) 647-0979','auctor.velit.eget@consequat.edu','et,','RBF15MLT3HE','aliquam adipiscing lacus. Ut nec urna et arcu imperdiet ullamcorper. Duis at lacus. Quisque purus sapien, gravida non, sollicitudin a, malesuada id, erat. Etiam vestibulum massa rutrum magna. Cras convallis convallis dolor. Quisque tincidunt','2020-05-04 10:00:21','2021-03-17 22:20:50','P.O. Box 406, 8344 Eget Avenue','4','4','Cáceres','29009','Spain'),(36,'Orli','Rollins','(887) 524-5289','tellus.non.magna@Aliquamornare.ca','sem','WBW79XME8GC','ultrices iaculis odio. Nam interdum enim non nisi. Aenean eget metus. In nec orci. Donec nibh. Quisque nonummy ipsum non arcu. Vivamus sit amet risus. Donec egestas. Aliquam nec enim. Nunc ut erat. Sed nunc est, mollis non,','2020-02-24 04:39:46','2020-06-10 21:34:32','Ap #648-9428 Dolor. St.','8','2','Ourense','35944','Spain'),(37,'Price','Diaz','(636) 270-9905','massa.Suspendisse@rutrumFuscedolor.com','libero','EBZ78ZNT1GK','arcu et pede. Nunc sed orci lobortis augue scelerisque mollis. Phasellus libero mauris, aliquam eu, accumsan sed, facilisis vitae, orci. Phasellus dapibus quam quis diam. Pellentesque habitant','2020-06-11 10:28:58','2021-02-25 08:44:07','5473 Proin Rd.','8','1','Palma de Mallorca','76103','Spain'),(38,'Jonah','Roberson','(251) 650-2399','pede.Cras@habitantmorbi.net','aliquam','TGW81SEN5GC','sollicitudin adipiscing ligula. Aenean gravida nunc sed pede. Cum sociis natoque penatibus et magnis dis parturient montes, nascetur ridiculus mus. Proin vel arcu eu odio tristique pharetra. Quisque ac libero nec ligula consectetuer rhoncus. Nullam velit dui, semper et, lacinia vitae, sodales at, velit. Pellentesque ultricies dignissim lacus.','2021-03-04 23:27:47','2021-06-12 00:11:46','Ap #643-277 Facilisis St.','6','1','Cartagena','69720','Spain'),(39,'Idona','Mcfadden','(657) 459-0894','ligula.Aenean@tellus.com','urna.','MKX48CJN9EQ','mollis vitae, posuere at, velit. Cras lorem lorem, luctus ut, pellentesque eget, dictum placerat, augue. Sed molestie. Sed id risus quis diam luctus lobortis. Class aptent taciti sociosqu ad litora torquent per conubia nostra, per inceptos hymenaeos. Mauris ut quam vel sapien imperdiet ornare. In faucibus.','2021-06-09 21:07:47','2020-10-10 15:01:26','214-3059 Rutrum. Road','7','4','Ciudad Real','33133','Spain'),(40,'Philip','Hale','(920) 967-9832','non.lobortis@adipiscing.co.uk','accumsan','KUJ86DMF0MR','magna. Praesent interdum ligula eu enim. Etiam imperdiet dictum magna. Ut tincidunt orci quis lectus. Nullam suscipit, est ac facilisis facilisis, magna tellus faucibus leo, in lobortis tellus justo sit amet nulla. Donec non justo. Proin non','2020-01-17 10:37:30','2020-08-30 20:33:51','8875 Orci St.','7','2','Santander','16848','Spain'),(41,'Armando','Graham','(100) 951-6758','pretium.aliquet.metus@lobortisClass.org','penatibus','RTQ30DOW9TE','rhoncus. Proin nisl sem, consequat nec, mollis vitae, posuere at, velit. Cras lorem lorem, luctus ut, pellentesque','2021-10-07 18:39:02','2020-02-02 13:36:56','768-4869 Habitant Rd.','4','3','Guadalajara','41794','Spain'),(42,'Flavia','Walls','(568) 991-4997','mauris@cubiliaCuraePhasellus.co.uk','Integer','IJN69FEI0XC','vel lectus. Cum sociis natoque penatibus et magnis dis parturient montes, nascetur ridiculus mus. Donec dignissim magna a tortor. Nunc commodo auctor velit. Aliquam nisl. Nulla eu neque pellentesque massa lobortis ultrices. Vivamus rhoncus. Donec','2021-08-05 17:07:39','2021-01-26 01:17:58','Ap #414-9447 Maecenas Street','9','1','Santander','67888','Spain'),(43,'Jenette','Lindsey','(825) 888-1732','vitae.odio.sagittis@Namtempordiam.co.uk','id','WYC03IDP1UV','Donec nibh. Quisque nonummy ipsum non arcu. Vivamus sit amet risus. Donec egestas. Aliquam nec enim. Nunc ut erat. Sed nunc est, mollis non, cursus non, egestas a, dui. Cras pellentesque. Sed dictum. Proin eget odio. Aliquam vulputate ullamcorper magna. Sed eu eros. Nam consequat dolor vitae dolor. Donec','2020-03-23 05:53:35','2021-01-04 00:32:35','7999 Malesuada Rd.','0','1','Alcobendas','33361','Spain'),(44,'Lacy','Vincent','(694) 671-9522','Maecenas.ornare@aliquetmagnaa.edu','cursus,','QYG59CZU0CJ','pulvinar arcu et pede. Nunc sed orci lobortis augue scelerisque mollis. Phasellus libero mauris, aliquam eu, accumsan sed, facilisis vitae, orci.','2020-01-31 21:35:28','2021-02-18 08:46:10','232-513 Cum Ave','7','4','Girona','00545','Spain'),(45,'Octavia','Macias','(794) 494-0594','nonummy.ut@pedeac.co.uk','vel','EGO60VQE7WJ','ligula. Nullam feugiat placerat velit. Quisque varius. Nam porttitor scelerisque neque. Nullam nisl. Maecenas malesuada fringilla est. Mauris eu turpis. Nulla aliquet. Proin velit. Sed malesuada','2020-08-24 00:02:24','2021-06-17 09:33:22','114-1509 Ornare Av.','4','3','L\'Hospitalet de Llobregat','25283','Spain'),(46,'Karleigh','Neal','(904) 999-5794','Etiam.vestibulum.massa@odioNaminterdum.co.uk','cursus.','QNQ35SWT2XT','Quisque fringilla euismod enim. Etiam gravida molestie arcu. Sed eu','2021-06-08 00:05:22','2021-04-17 18:14:33','P.O. Box 452, 1468 Augue Rd.','8','2','Pamplona','51567','Spain'),(47,'Dakota','Lindsay','(545) 864-2537','pretium.aliquet@Nullamenim.edu','Nunc','LFK82FAP1XY','metus. In nec orci. Donec nibh. Quisque nonummy ipsum non arcu. Vivamus sit amet risus.','2021-09-27 23:19:16','2020-02-03 13:34:37','Ap #364-6781 Adipiscing. Avenue','5','2','Sevilla','19325','Spain'),(48,'Rajah','Mendez','(342) 996-3881','congue.turpis@nisiMauris.com','nec,','UVT07MRK2ML','at pede. Cras vulputate velit eu sem. Pellentesque ut ipsum ac mi eleifend egestas. Sed pharetra, felis eget varius ultrices, mauris ipsum porta elit, a feugiat tellus lorem eu metus. In lorem. Donec elementum, lorem ut aliquam iaculis, lacus pede sagittis augue, eu tempor erat neque non quam. Pellentesque habitant','2020-08-26 18:02:53','2021-07-27 09:20:05','P.O. Box 975, 7998 Iaculis Ave','4','4','Huesca','72480','Spain'),(49,'Jordan','Martin','(888) 467-8879','nulla.vulputate@sit.co.uk','at,','BYD54OWN5FP','Vestibulum ante ipsum primis in faucibus orci luctus et ultrices posuere cubilia Curae; Donec tincidunt. Donec vitae erat vel pede blandit congue. In scelerisque','2021-06-16 11:03:57','2020-05-04 22:28:41','P.O. Box 815, 8318 Aliquam St.','10','0','Jaén','09947','Spain'),(50,'Dora','Roberts','(152) 139-2839','per.inceptos.hymenaeos@Nullasempertellus.net','orci','EVE65MLB7RV','ante lectus convallis est, vitae sodales nisi magna sed dui.','2021-02-10 18:38:56','2021-12-01 19:09:57','P.O. Box 261, 666 Ultricies Ave','1','2','Melilla','72060','Spain'),(51,'Reese','Stanton','(103) 498-8436','fringilla.euismod@ullamcorper.edu','vitae,','WPC19XBL6LM','nunc, ullamcorper eu, euismod ac, fermentum vel, mauris. Integer sem elit, pharetra ut, pharetra sed, hendrerit a, arcu. Sed et libero. Proin mi. Aliquam gravida mauris ut mi. Duis risus odio, auctor vitae, aliquet nec, imperdiet nec, leo. Morbi neque tellus, imperdiet non, vestibulum nec, euismod in, dolor. Fusce','2020-06-10 19:55:56','2020-04-08 22:47:46','P.O. Box 357, 3151 Habitant Av.','3','0','Fuenlabrada','83432','Spain'),(52,'Keiko','Small','(389) 783-5545','adipiscing@Aliquamfringilla.co.uk','libero.','ZOE85PIO7YU','vitae, erat. Vivamus nisi. Mauris nulla. Integer urna. Vivamus molestie dapibus ligula. Aliquam erat volutpat. Nulla dignissim. Maecenas ornare egestas ligula. Nullam feugiat placerat velit. Quisque varius. Nam porttitor scelerisque neque. Nullam nisl. Maecenas malesuada fringilla est. Mauris','2020-11-04 13:29:38','2021-05-18 16:38:13','Ap #891-9822 Integer St.','9','1','Castelló','69179','Spain'),(53,'Flynn','Adkins','(639) 715-9252','ornare@Aliquam.co.uk','luctus,','DRC66AAL5IL','lorem, vehicula et, rutrum eu, ultrices sit amet, risus. Donec nibh enim, gravida sit amet, dapibus id, blandit at, nisi. Cum sociis natoque penatibus et magnis dis parturient montes, nascetur ridiculus mus. Proin','2020-09-10 08:55:12','2021-10-20 09:52:22','984-2146 Eget St.','8','1','Badajoz','58132','Spain'),(54,'Pearl','Osborne','(764) 410-3838','erat@augue.co.uk','placerat','DVK86UZB7BH','lorem vitae odio sagittis semper. Nam tempor diam dictum sapien. Aenean massa. Integer vitae nibh. Donec est mauris, rhoncus id, mollis nec, cursus a, enim. Suspendisse aliquet, sem ut cursus luctus, ipsum leo elementum sem,','2020-11-21 23:53:06','2021-09-02 05:31:02','Ap #894-371 Ridiculus St.','0','1','Gijón','72413','Spain'),(55,'Sonia','Merritt','(890) 815-8557','natoque@Nuncquis.net','Proin','LQU56YIB9VF','parturient montes, nascetur ridiculus mus. Proin vel nisl. Quisque fringilla euismod enim. Etiam gravida molestie arcu. Sed eu nibh vulputate mauris sagittis placerat. Cras dictum ultricies ligula. Nullam enim. Sed nulla ante, iaculis nec, eleifend non, dapibus rutrum, justo. Praesent luctus. Curabitur egestas nunc sed libero. Proin sed turpis nec','2020-09-12 17:21:47','2020-10-19 08:11:19','Ap #274-6549 Commodo Street','7','2','A Coruña','30093','Spain'),(56,'Avye','Delgado','(235) 463-2962','Nunc.quis.arcu@Aliquamnisl.ca','aliquam','WPN33FGN1QH','lacus. Etiam bibendum fermentum metus. Aenean sed pede nec ante blandit viverra. Donec tempus, lorem fringilla ornare placerat, orci lacus vestibulum lorem, sit amet ultricies sem magna nec quam. Curabitur vel lectus. Cum sociis natoque penatibus et magnis dis parturient montes,','2021-11-26 15:51:08','2021-04-13 04:08:27','Ap #881-3312 Eu Ave','2','1','Fuenlabrada','13410','Spain'),(57,'Gannon','Patel','(122) 349-0762','lacus.Nulla@gravidanonsollicitudin.edu','arcu','VXP03VNK7MF','lorem, sit amet ultricies sem magna nec quam. Curabitur vel lectus. Cum sociis natoque penatibus et magnis dis parturient montes, nascetur ridiculus mus. Donec dignissim magna a tortor. Nunc commodo auctor','2020-02-16 13:48:35','2020-02-08 14:16:40','7160 Facilisis. Avenue','8','4','Melilla','28122','Spain'),(58,'Demetrius','Bartlett','(870) 167-4814','felis.Nulla@nislQuisque.edu','Proin','FXC34PIE4JY','et netus et malesuada fames ac turpis egestas. Aliquam fringilla cursus purus. Nullam scelerisque neque sed sem egestas','2021-01-06 11:50:57','2020-01-06 01:08:48','P.O. Box 188, 3173 Urna. Road','7','4','Melilla','68769','Spain'),(59,'Lyle','Delaney','(545) 654-5822','Sed.eget@quis.ca','eu','ZDB23IEY7EG','lacinia orci, consectetuer euismod est arcu ac orci. Ut semper pretium neque. Morbi quis urna.','2021-02-02 18:39:30','2020-10-03 21:06:30','5518 Eu, St.','10','1','Ceuta','31842','Spain'),(60,'Ferris','Kinney','(199) 457-6806','feugiat.tellus@ettristiquepellentesque.com','non','DNQ22HAV3OM','amet, consectetuer adipiscing elit. Curabitur sed tortor. Integer aliquam adipiscing lacus. Ut nec urna et arcu imperdiet ullamcorper. Duis at lacus. Quisque purus sapien, gravida non, sollicitudin a, malesuada id, erat. Etiam vestibulum massa','2020-06-13 06:20:08','2021-07-30 06:45:27','781-8152 Sed St.','8','0','Lugo','89766','Spain'),(61,'Kirestin','Silva','(441) 264-1053','Maecenas.iaculis@pharetra.edu','commodo','ZPR34YZF0QU','varius orci, in consequat enim diam vel arcu. Curabitur ut odio vel est tempor bibendum. Donec felis orci, adipiscing non, luctus sit amet, faucibus ut, nulla. Cras eu tellus eu augue porttitor interdum. Sed auctor odio a purus. Duis elementum, dui quis accumsan convallis, ante lectus convallis est, vitae','2021-08-11 02:25:17','2021-09-26 11:01:08','972-246 Eu Street','2','0','Las Palmas','42631','Spain'),(62,'Sybil','Cervantes','(348) 472-7581','lectus@convallisligulaDonec.co.uk','porttitor','QXA34DSW5PU','luctus, ipsum leo elementum sem, vitae aliquam eros turpis non enim. Mauris quis turpis vitae purus gravida sagittis. Duis','2021-08-26 18:56:25','2021-03-28 06:07:39','Ap #766-3444 Dictum Av.','6','1','Santander','82263','Spain'),(63,'Vaughan','Davenport','(109) 467-4021','varius.et.euismod@cursuset.com','nisi.','TJA38KBR9MQ','dolor, nonummy ac, feugiat non, lobortis quis, pede. Suspendisse dui. Fusce diam nunc, ullamcorper eu, euismod ac, fermentum vel, mauris. Integer','2021-03-16 18:18:08','2021-04-09 18:06:22','Ap #234-2495 Donec Rd.','10','4','Cartagena','86418','Spain'),(64,'Yardley','Macias','(225) 267-0949','a@etmagnisdis.edu','dictum','QIL54ZVQ1OZ','consectetuer mauris id sapien. Cras dolor dolor, tempus non, lacinia at, iaculis quis, pede. Praesent eu dui. Cum sociis natoque penatibus et magnis dis parturient montes, nascetur ridiculus mus. Aenean eget magna. Suspendisse tristique neque','2021-08-25 01:11:37','2021-08-18 23:26:19','3380 In Ave','0','0','Logroño','55173','Spain'),(65,'Kamal','Wooten','(293) 508-4961','nec.enim@ultricies.org','urna','PSS90UZC4MY','elementum, lorem ut aliquam iaculis, lacus pede sagittis augue, eu tempor','2020-12-04 04:35:11','2020-03-28 09:40:05','P.O. Box 189, 9583 Proin Avenue','4','4','Sabadell','35317','Spain'),(66,'Priscilla','Gilmore','(609) 113-2259','ut.quam@vel.ca','turpis','PQY25PRL1TQ','fermentum risus, at fringilla purus mauris a nunc. In at pede. Cras vulputate velit eu','2020-09-19 14:16:12','2021-06-16 14:23:41','P.O. Box 840, 695 Dictum St.','4','2','Las Palmas','88417','Spain'),(67,'Skyler','Sanders','(293) 247-5496','dictum.magna@cursus.ca','gravida','HNF94ZYG7XT','risus. Donec nibh enim, gravida sit amet, dapibus id, blandit at, nisi. Cum sociis','2021-10-18 01:49:31','2021-12-14 02:30:35','Ap #524-5032 Id St.','6','3','Oviedo','80639','Spain'),(68,'Oliver','Dudley','(123) 990-8849','leo@Nullaeu.ca','augue','GJO04QFK3KE','urna. Nunc quis arcu vel quam dignissim pharetra. Nam ac nulla. In tincidunt congue turpis. In condimentum. Donec at arcu. Vestibulum ante ipsum primis in faucibus orci luctus et ultrices posuere cubilia Curae; Donec tincidunt. Donec vitae erat vel pede','2020-08-22 17:09:16','2020-10-24 18:38:00','Ap #393-1325 In St.','6','0','Ciudad Real','98825','Spain'),(69,'Levi','Williamson','(218) 236-4269','Nam.ligula.elit@Maurisutquam.ca','euismod','VWT34KON7KM','fringilla euismod enim. Etiam gravida molestie arcu. Sed eu nibh vulputate mauris sagittis placerat. Cras dictum ultricies ligula. Nullam enim. Sed nulla ante, iaculis nec, eleifend non, dapibus rutrum, justo. Praesent','2020-12-20 10:38:03','2020-12-08 13:58:58','P.O. Box 533, 5130 Vitae Avenue','0','1','Lugo','66790','Spain'),(70,'Vernon','Delacruz','(873) 805-1594','risus.In@Suspendissesagittis.co.uk','Integer','CGK86BRG6MF','arcu iaculis enim, sit amet ornare lectus justo eu arcu. Morbi sit amet massa. Quisque porttitor eros nec tellus. Nunc','2021-01-01 01:43:45','2020-12-11 18:50:39','429 Et Av.','9','3','Alcorcón','38525','Spain'),(71,'Plato','Vinson','(649) 372-6255','Sed.id@enimMaurisquis.net','ligula','PKM63RKG1QR','luctus aliquet odio. Etiam ligula tortor, dictum eu, placerat eget, venenatis a, magna. Lorem ipsum dolor sit amet, consectetuer adipiscing elit. Etiam laoreet, libero et tristique pellentesque, tellus sem mollis','2021-07-15 11:58:01','2020-04-30 08:31:01','Ap #191-2995 Aptent Rd.','3','4','Santander','65341','Spain'),(72,'Benedict','Berger','(946) 684-7848','In.nec.orci@ProinvelitSed.co.uk','sem','MFB84VJU7GX','viverra. Maecenas iaculis aliquet diam. Sed diam lorem, auctor quis, tristique ac, eleifend vitae, erat. Vivamus nisi. Mauris nulla. Integer urna. Vivamus molestie dapibus ligula. Aliquam erat volutpat. Nulla dignissim. Maecenas ornare egestas ligula.','2020-12-20 01:30:47','2020-07-23 08:14:06','3469 Molestie Street','4','1','Zaragoza','44546','Spain'),(73,'Kasper','Walker','(433) 607-5961','vitae.dolor.Donec@rhoncusDonecest.co.uk','ipsum.','GVW48PQU4VJ','Phasellus fermentum convallis ligula. Donec luctus aliquet odio. Etiam ligula tortor, dictum eu, placerat eget, venenatis a, magna. Lorem ipsum dolor sit amet, consectetuer adipiscing','2021-05-02 05:44:48','2021-02-15 23:09:28','P.O. Box 557, 6161 Dolor, Av.','6','3','Pontevedra','77574','Spain'),(74,'Merrill','Noble','(386) 506-8685','metus@Ut.org','neque.','MGP72JHL9CU','vitae risus. Duis a mi fringilla mi lacinia mattis. Integer eu lacus. Quisque imperdiet, erat nonummy ultricies ornare, elit elit fermentum risus,','2020-08-28 07:51:07','2021-08-03 00:12:11','P.O. Box 553, 7056 Curabitur Rd.','6','3','Sabadell','70148','Spain'),(75,'Karen','Best','(104) 492-5399','est@magnisdisparturient.com','gravida','SAA37GEK7ZB','Proin vel arcu eu odio tristique pharetra. Quisque ac libero nec ligula consectetuer rhoncus. Nullam velit dui, semper et, lacinia vitae, sodales at, velit. Pellentesque','2020-11-06 04:33:56','2020-07-08 04:33:44','4597 Arcu Ave','0','0','Santander','68107','Spain'),(76,'Jemima','Alston','(910) 158-9628','Mauris.vel.turpis@dolorsitamet.org','Cum','CQI06HKE9CD','sit amet metus. Aliquam erat volutpat. Nulla facilisis. Suspendisse commodo tincidunt nibh. Phasellus nulla. Integer vulputate, risus a ultricies adipiscing, enim mi tempor lorem, eget mollis lectus pede et risus. Quisque libero','2021-12-21 18:44:37','2021-04-25 13:41:54','Ap #845-9571 Leo. Rd.','4','2','Gijón','27584','Spain'),(77,'Kenyon','Hill','(648) 527-6121','nunc@nonbibendum.ca','imperdiet','MBC61RJN2NX','aliquam arcu. Aliquam ultrices iaculis odio. Nam interdum enim non nisi. Aenean eget metus.','2021-04-28 11:54:29','2021-09-27 18:29:35','P.O. Box 900, 1691 Neque Rd.','6','1','Barcelona','96691','Spain'),(78,'Lacota','Rosario','(467) 884-1762','condimentum.Donec@volutpatNulladignissim.edu','non','JIX75JTP8CG','nibh enim, gravida sit amet, dapibus id, blandit at, nisi. Cum sociis natoque penatibus et magnis dis parturient montes, nascetur ridiculus mus. Proin vel nisl. Quisque fringilla euismod enim. Etiam gravida molestie arcu. Sed eu nibh vulputate mauris sagittis placerat. Cras dictum','2021-05-15 07:27:25','2021-05-27 00:34:29','Ap #604-9188 Odio. St.','5','1','Palencia','11680','Spain'),(79,'Mallory','Rasmussen','(247) 599-5923','ipsum.Phasellus@ultricesposuerecubilia.co.uk','a,','HRJ53GNT2ZW','nibh. Quisque nonummy ipsum non arcu. Vivamus sit amet risus. Donec egestas. Aliquam nec enim. Nunc ut erat. Sed nunc est, mollis non, cursus non, egestas a, dui. Cras pellentesque. Sed dictum. Proin eget odio. Aliquam vulputate ullamcorper','2021-03-03 22:32:48','2021-10-04 09:06:10','Ap #745-2355 Vitae St.','9','2','Logroño','83927','Spain'),(80,'Steven','Sims','(883) 262-0165','Ut@arcuimperdietullamcorper.org','sociis','UXS29UYA1GO','pellentesque eget, dictum placerat, augue. Sed molestie. Sed id risus quis diam luctus lobortis. Class aptent taciti sociosqu ad litora','2020-08-07 22:03:08','2020-05-04 08:16:58','8178 Cras Ave','2','0','L\'Hospitalet de Llobregat','00115','Spain'),(81,'MacKensie','Figueroa','(677) 153-8023','Sed@imperdietnecleo.com','luctus','INJ11CWG9UJ','imperdiet non, vestibulum nec, euismod in, dolor. Fusce feugiat. Lorem ipsum dolor sit','2020-04-08 11:48:44','2020-04-10 06:02:38','Ap #499-7672 Pede, St.','4','2','Alcalá de Henares','01369','Spain'),(82,'Orlando','Randolph','(447) 929-0176','sed.sem.egestas@seddictumeleifend.co.uk','est,','GXZ73QJJ5JE','ornare, elit elit fermentum risus, at fringilla purus mauris a nunc. In at pede. Cras vulputate velit eu sem. Pellentesque ut ipsum ac mi eleifend egestas. Sed pharetra,','2021-03-30 14:21:38','2020-05-04 19:11:31','1003 Volutpat Rd.','1','0','Palma de Mallorca','60930','Spain'),(83,'Shad','Olsen','(928) 319-4227','pede.ultrices.a@Aliquamnecenim.net','magna.','ADB67HPN3SY','in magna. Phasellus dolor elit, pellentesque a, facilisis non, bibendum sed, est. Nunc laoreet lectus quis massa. Mauris vestibulum, neque sed dictum eleifend, nunc risus','2021-08-16 15:02:21','2020-03-10 12:19:36','246-3316 Penatibus Rd.','3','2','Elx','50199','Spain'),(84,'Sylvia','Johns','(637) 164-2263','quam@molestietortor.co.uk','lobortis','NXE37TPN4FW','Cras eu tellus eu augue porttitor interdum. Sed auctor odio a purus. Duis elementum, dui quis accumsan convallis, ante lectus convallis est, vitae sodales nisi magna sed dui. Fusce aliquam, enim nec tempus scelerisque, lorem ipsum sodales purus, in molestie tortor nibh sit amet orci.','2020-09-23 20:08:20','2020-06-18 01:53:34','P.O. Box 165, 5557 Vestibulum Street','3','2','Leganés','54253','Spain'),(85,'Wayne','Bradford','(399) 378-0098','tempus@purus.edu','libero.','VPD42MLI2VM','lorem, auctor quis, tristique ac, eleifend vitae, erat. Vivamus nisi.','2020-02-15 19:11:28','2021-01-15 17:19:35','P.O. Box 865, 1220 Tellus. Road','5','1','Donosti','24291','Spain'),(86,'Sheila','Kane','(689) 553-7018','Nunc@egetlacusMauris.net','Mauris','JCK01JPC6VI','egestas, urna justo faucibus lectus, a sollicitudin orci sem eget massa. Suspendisse eleifend. Cras','2021-05-11 06:50:26','2021-03-10 21:19:55','P.O. Box 228, 2086 Velit Street','1','0','Gasteiz','11608','Spain'),(87,'Alvin','Mack','(314) 119-6327','mattis.ornare@turpisAliquam.com','posuere','XOO34ESS1UD','arcu. Vivamus sit amet risus. Donec egestas. Aliquam nec enim. Nunc ut erat. Sed nunc est, mollis non, cursus non, egestas a, dui. Cras pellentesque. Sed dictum. Proin eget odio. Aliquam vulputate ullamcorper magna. Sed eu eros. Nam','2020-05-21 15:23:24','2020-01-06 15:29:34','8051 Enim Av.','2','1','Algeciras','17369','Spain'),(88,'Cynthia','Ingram','(305) 133-9699','magna.Cras.convallis@primisin.ca','turpis.','DSX72TYB6CZ','lacus. Nulla tincidunt, neque vitae semper egestas, urna justo faucibus lectus, a sollicitudin orci sem eget massa. Suspendisse eleifend. Cras sed leo. Cras vehicula aliquet libero. Integer in magna. Phasellus dolor elit, pellentesque a, facilisis non, bibendum sed, est.','2021-12-16 15:26:04','2020-03-22 16:19:04','645-6732 Sociis St.','1','1','Logroño','10378','Spain'),(89,'Kaitlin','Hines','(549) 587-5725','nulla@atfringillapurus.co.uk','Morbi','IEV16EDL9RX','eget, ipsum. Donec sollicitudin adipiscing ligula. Aenean gravida nunc sed pede. Cum sociis natoque penatibus et magnis dis parturient montes, nascetur ridiculus mus. Proin vel arcu eu odio tristique pharetra. Quisque ac libero nec ligula consectetuer rhoncus. Nullam velit dui, semper','2021-03-07 01:20:21','2020-04-21 22:53:23','Ap #997-6892 Dignissim Rd.','9','4','Gijón','85313','Spain'),(90,'Alisa','Hale','(831) 604-6190','vel@egetdictumplacerat.co.uk','neque','NUO73QGP1PG','vel quam dignissim pharetra. Nam ac nulla. In tincidunt congue turpis. In condimentum. Donec at arcu. Vestibulum ante ipsum primis in faucibus orci luctus et ultrices','2019-12-23 07:17:09','2020-12-02 02:16:45','346-6833 Nisi. Rd.','3','0','Santa Cruz de Tenerife','24753','Spain'),(91,'Quamar','Walton','(944) 127-2821','tincidunt.nunc.ac@Nullaeget.net','magnis','HNX44DHJ4FG','consequat nec, mollis vitae, posuere at, velit. Cras lorem lorem, luctus ut, pellentesque eget, dictum placerat, augue. Sed molestie. Sed id risus quis diam luctus lobortis. Class aptent taciti sociosqu','2020-04-05 09:25:05','2021-03-11 07:59:44','P.O. Box 834, 9877 Sed Av.','2','3','Logroño','32781','Spain'),(92,'Magee','Solis','(447) 947-9326','ac.ipsum@nunc.net','Mauris','NTC03UBA6RG','mauris ut mi. Duis risus odio, auctor vitae, aliquet nec, imperdiet nec, leo. Morbi neque tellus, imperdiet non, vestibulum nec, euismod in, dolor. Fusce feugiat. Lorem ipsum dolor sit amet, consectetuer adipiscing elit. Aliquam auctor, velit','2021-09-24 02:24:57','2021-12-17 16:50:23','155-1390 Phasellus St.','7','0','Ceuta','53082','Spain'),(93,'Malik','Schultz','(628) 111-3107','Mauris@purusaccumsan.org','enim,','EOU62WTZ2EK','amet, consectetuer adipiscing elit. Etiam laoreet, libero et tristique pellentesque, tellus sem mollis dui, in sodales elit erat vitae risus. Duis a mi fringilla mi','2020-11-17 08:25:42','2021-08-03 05:47:43','Ap #886-2062 At, Street','5','0','L\'Hospitalet de Llobregat','70671','Spain'),(94,'Tobias','Walsh','(476) 505-0212','eu.nulla@rhoncus.ca','vel','FIQ83AEM4HI','urna suscipit nonummy. Fusce fermentum fermentum arcu. Vestibulum ante ipsum primis in faucibus orci luctus et ultrices posuere cubilia Curae; Phasellus ornare. Fusce mollis. Duis sit amet diam eu dolor egestas rhoncus. Proin nisl sem, consequat nec, mollis vitae, posuere at, velit. Cras lorem lorem, luctus ut, pellentesque eget, dictum','2020-11-07 16:32:19','2021-01-25 09:13:44','Ap #636-6703 Tincidunt, St.','3','2','Ciudad Real','65766','Spain'),(95,'Stewart','Irwin','(718) 212-0250','Duis.volutpat@necdiamDuis.net','nec','GMU87URI2NL','nisi nibh lacinia orci, consectetuer euismod est arcu ac orci. Ut semper pretium neque. Morbi quis urna. Nunc quis arcu vel quam dignissim pharetra. Nam ac nulla. In tincidunt congue turpis. In condimentum. Donec at arcu. Vestibulum ante ipsum primis in faucibus orci luctus et','2020-05-31 15:48:49','2021-12-03 03:05:44','P.O. Box 841, 2741 Arcu. Rd.','8','4','Lugo','14535','Spain'),(96,'Jaime','Boyer','(637) 149-1123','erat@dis.co.uk','orci','BDO14UUU1KH','Aliquam tincidunt, nunc ac mattis ornare, lectus ante dictum mi, ac mattis velit justo nec ante.','2021-02-20 05:03:25','2020-12-19 22:41:53','P.O. Box 933, 9675 Quisque Rd.','10','4','Girona','80981','Spain'),(97,'Frances','Hines','(503) 836-3700','sit@tellusNunc.edu','pede.','IUV67ASY1UX','vehicula et, rutrum eu, ultrices sit amet, risus. Donec nibh enim, gravida sit amet, dapibus id, blandit at, nisi. Cum sociis natoque penatibus et magnis dis parturient montes, nascetur ridiculus mus. Proin vel nisl. Quisque fringilla euismod enim. Etiam gravida molestie arcu. Sed eu nibh vulputate mauris sagittis','2020-03-13 20:57:16','2020-06-14 00:28:51','P.O. Box 222, 9061 Sapien, St.','4','2','Palma de Mallorca','73721','Spain'),(98,'Halla','Carey','(870) 573-1097','parturient.montes@Nuncpulvinararcu.ca','posuere','HCM06QUM4JI','Nam consequat dolor vitae dolor. Donec fringilla. Donec feugiat metus sit amet','2020-09-12 21:11:46','2021-05-28 18:23:08','Ap #632-2404 Mauris Street','10','3','Móstoles','03738','Spain'),(99,'Shellie','Velazquez','(534) 473-4800','at.egestas@parturientmontesnascetur.net','turpis','ELN15ZYO5RP','non leo. Vivamus nibh dolor, nonummy ac, feugiat non, lobortis quis, pede. Suspendisse dui. Fusce diam nunc, ullamcorper eu, euismod ac, fermentum vel, mauris.','2021-08-22 11:12:16','2020-09-12 13:44:00','806-7307 Erat. Street','0','0','Ourense','94584','Spain'),(100,'Lyle','Benson','(407) 777-9484','molestie@nisi.co.uk','sit','WKC16WIJ2SU','Aliquam erat volutpat. Nulla dignissim. Maecenas ornare egestas ligula. Nullam feugiat placerat velit. Quisque varius. Nam porttitor scelerisque neque. Nullam nisl. Maecenas malesuada fringilla est. Mauris eu turpis.','2021-04-28 01:56:36','2020-09-08 06:49:03','Ap #692-2155 Egestas. Rd.','7','2','Melilla','07137','Spain');
/*!40000 ALTER TABLE `customer` ENABLE KEYS */;
UNLOCK TABLES;

--
-- Table structure for table `customer_bill`
--

DROP TABLE IF EXISTS `customer_bill`;
/*!40101 SET @saved_cs_client     = @@character_set_client */;
/*!50503 SET character_set_client = utf8mb4 */;
CREATE TABLE `customer_bill` (
  `user_bill_ID` int NOT NULL AUTO_INCREMENT,
  `subtotal` decimal(7,2) unsigned DEFAULT '0.00',
  `discount` decimal(4,2) unsigned DEFAULT '0.00',
  `taxes` decimal(4,2) unsigned DEFAULT '0.00',
  `shipping` decimal(4,2) unsigned DEFAULT '0.00',
  `total` decimal(65,2) unsigned DEFAULT '0.00',
  `time_expedition` datetime DEFAULT NULL,
  `payment_type` int DEFAULT NULL,
  `customer_ID` int DEFAULT NULL,
  `table` int NOT NULL,
  PRIMARY KEY (`user_bill_ID`),
  KEY `fk_payment_type_idx` (`payment_type`),
  KEY `fk_user_bill_customer_idx` (`customer_ID`),
  KEY `bill_table_idx` (`table`),
  CONSTRAINT `fk_bill_table` FOREIGN KEY (`table`) REFERENCES `table` (`table_number`),
  CONSTRAINT `fk_payment_type` FOREIGN KEY (`payment_type`) REFERENCES `myapp`.`payment_type` (`payment_type_ID`),
  CONSTRAINT `fk_user_bill_customer` FOREIGN KEY (`customer_ID`) REFERENCES `myapp`.`customer` (`customer_ID`)
) ENGINE=InnoDB AUTO_INCREMENT=211 DEFAULT CHARSET=utf8mb4 COLLATE=utf8mb4_0900_ai_ci;
/*!40101 SET character_set_client = @saved_cs_client */;

--
-- Dumping data for table `customer_bill`
--

LOCK TABLES `customer_bill` WRITE;
/*!40000 ALTER TABLE `customer_bill` DISABLE KEYS */;
INSERT INTO `customer_bill` VALUES (1,136.76,5.00,12.00,2.50,148.17,'2020-06-19 16:32:41',5,48,26),(2,307.75,15.00,13.00,5.00,300.40,'2021-02-23 06:42:51',1,36,25),(3,397.08,10.00,5.00,9.00,383.75,'2020-11-26 03:40:13',3,20,2),(4,258.74,5.00,7.00,9.00,272.16,'2020-06-30 16:29:04',1,28,19),(5,65.09,10.00,15.00,9.00,76.68,'2021-07-17 12:12:38',2,15,22),(6,263.56,10.00,13.00,5.00,273.13,'2020-01-18 11:31:59',6,71,16),(7,0.00,10.00,6.00,3.50,0.00,'2021-04-14 02:18:09',1,63,3),(8,95.00,10.00,8.00,5.00,97.20,'2021-10-23 12:35:05',1,76,22),(9,364.28,5.00,7.00,7.50,377.91,'2021-06-21 03:09:47',1,16,6),(10,35.52,15.00,8.00,7.50,39.49,'2021-08-11 06:28:46',7,32,16),(11,0.00,0.00,6.00,9.00,0.00,'2021-04-16 15:16:36',7,57,12),(12,0.00,0.00,7.00,5.00,0.00,'2020-04-11 14:46:33',7,93,2),(13,71.04,0.00,10.00,7.50,86.39,'2021-04-29 06:34:35',2,49,9),(14,0.00,0.00,15.00,7.50,0.00,'2021-12-16 20:19:44',1,80,20),(15,234.58,0.00,9.00,7.50,263.87,'2021-01-13 07:54:32',3,29,26),(16,133.53,0.00,9.00,3.50,149.36,'2021-07-30 01:35:04',5,80,17),(17,0.00,0.00,6.00,2.50,0.00,'2021-12-02 19:33:22',4,80,1),(18,0.00,0.00,8.00,5.00,0.00,'2020-08-05 09:01:12',4,45,24),(19,0.00,0.00,13.00,7.50,0.00,'2021-01-02 05:10:58',3,99,15),(20,138.43,0.00,15.00,7.50,167.82,'2021-05-30 13:51:48',2,43,11),(21,157.94,0.00,14.00,2.50,182.90,'2020-11-05 14:13:11',2,42,4),(22,0.00,0.00,9.00,7.50,0.00,'2021-05-04 20:06:13',2,51,7),(23,0.00,0.00,10.00,9.00,0.00,'2020-07-16 19:27:26',5,37,7),(24,381.76,0.00,8.00,3.50,416.08,'2020-10-11 00:53:31',5,71,4),(25,94.99,0.00,15.00,5.00,114.99,'2021-07-07 07:59:50',4,80,30),(26,0.00,0.00,10.00,9.00,0.00,'2020-08-16 20:06:35',3,63,28),(27,227.36,0.00,6.00,7.50,248.95,'2021-10-05 17:27:45',4,98,11),(28,278.10,0.00,9.00,2.50,305.85,'2021-06-05 13:21:00',7,13,6),(29,0.00,0.00,8.00,2.50,0.00,'2020-06-18 06:07:43',3,29,28),(30,0.00,0.00,15.00,9.00,0.00,'2020-04-06 13:44:33',2,90,17),(31,284.86,0.00,7.00,3.50,308.55,'2021-05-30 14:10:25',5,89,9),(32,321.80,0.00,12.00,3.50,364.34,'2021-04-12 21:33:58',6,62,9),(33,196.20,0.00,8.00,9.00,221.62,'2021-07-30 02:15:36',3,71,13),(34,118.95,0.00,10.00,9.00,140.75,'2021-06-20 13:22:17',1,72,19),(35,215.76,0.00,9.00,5.00,240.63,'2021-11-13 04:54:27',7,9,1),(36,134.74,0.00,11.00,2.50,152.34,'2020-07-05 02:47:15',1,89,22),(37,0.00,0.00,12.00,3.50,0.00,'2020-12-25 14:29:40',3,18,13),(38,221.76,0.00,5.00,5.00,238.10,'2021-08-18 16:16:07',4,2,2),(39,0.00,0.00,8.00,9.00,0.00,'2021-08-09 18:33:42',5,95,19),(40,17.76,0.00,13.00,2.50,22.89,'2020-02-10 16:07:50',7,78,18),(41,71.82,15.00,8.00,0.00,65.93,'2020-12-30 04:55:06',1,64,16),(42,38.50,10.00,9.00,0.00,37.77,'2020-01-26 11:15:26',4,28,23),(43,384.55,5.00,6.00,0.00,387.24,'2021-01-24 00:42:28',5,42,30),(44,0.00,10.00,11.00,0.00,0.00,'2021-06-01 11:15:44',1,75,8),(45,0.00,5.00,5.00,0.00,0.00,'2021-04-13 05:20:24',2,96,25),(46,0.00,15.00,11.00,0.00,0.00,'2021-06-17 13:27:17',2,85,1),(47,531.81,5.00,11.00,0.00,560.79,'2021-02-25 00:59:28',3,34,26),(48,171.36,10.00,13.00,0.00,174.27,'2020-05-02 02:58:12',2,88,3),(49,0.00,10.00,5.00,0.00,0.00,'2020-02-03 15:42:04',4,34,13),(50,112.34,15.00,12.00,0.00,106.95,'2021-12-09 11:15:38',1,2,1),(51,0.00,0.00,15.00,0.00,0.00,'2020-11-18 05:26:05',1,96,24),(52,0.00,0.00,8.00,0.00,0.00,'2020-03-27 21:51:39',6,74,17),(53,251.30,0.00,12.00,0.00,281.46,'2021-08-08 18:33:12',2,41,28),(54,0.00,0.00,6.00,0.00,0.00,'2021-08-23 00:41:28',3,19,10),(55,12.20,0.00,13.00,0.00,13.79,'2020-05-15 00:47:42',2,9,13),(56,332.36,0.00,15.00,0.00,382.21,'2021-08-03 04:17:32',5,2,15),(57,370.61,0.00,14.00,0.00,422.50,'2021-02-14 15:52:22',6,90,15),(58,137.65,0.00,6.00,0.00,145.91,'2021-08-16 16:14:25',3,84,9),(59,0.00,0.00,7.00,0.00,0.00,'2021-05-19 03:34:07',7,35,23),(60,0.00,0.00,5.00,0.00,0.00,'2020-05-14 02:21:00',6,24,3),(61,194.40,0.00,9.00,0.00,211.90,'2021-01-11 20:01:44',3,70,19),(62,0.00,0.00,12.00,0.00,0.00,'2020-04-28 02:52:30',3,54,15),(63,106.08,0.00,7.00,0.00,113.51,'2020-10-11 20:11:43',7,1,8),(64,0.00,0.00,10.00,0.00,0.00,'2021-04-28 17:42:04',7,10,28),(65,144.35,0.00,15.00,0.00,166.00,'2021-04-17 04:24:28',3,52,1),(66,118.48,0.00,12.00,0.00,132.70,'2020-07-21 01:27:32',6,55,28),(67,129.57,0.00,5.00,0.00,136.05,'2020-11-14 03:44:00',4,79,29),(68,0.00,0.00,11.00,0.00,0.00,'2020-12-18 05:24:32',6,31,3),(69,26.76,0.00,15.00,0.00,30.77,'2021-07-18 14:41:37',4,30,8),(70,53.15,0.00,10.00,0.00,58.47,'2020-12-20 22:32:45',2,19,2),(71,18.36,0.00,15.00,0.00,21.11,'2021-10-24 11:21:09',6,82,28),(72,0.00,0.00,12.00,0.00,0.00,'2021-10-08 10:14:15',6,89,18),(73,0.00,0.00,15.00,0.00,0.00,'2021-02-26 11:32:47',1,15,4),(74,486.29,0.00,14.00,0.00,554.37,'2021-03-11 14:59:37',7,45,8),(75,0.00,0.00,9.00,0.00,0.00,'2021-09-03 18:39:55',6,88,12),(76,191.31,0.00,6.00,0.00,202.79,'2021-05-25 15:23:13',1,29,18),(77,387.06,0.00,5.00,0.00,406.41,'2020-10-23 13:36:15',6,47,27),(78,260.85,0.00,11.00,0.00,289.54,'2020-04-28 04:14:08',3,10,25),(79,251.60,0.00,7.00,0.00,269.21,'2021-11-03 01:58:33',2,98,5),(80,24.44,0.00,11.00,0.00,27.13,'2020-02-27 15:57:29',4,93,9),(81,430.14,0.00,14.00,0.00,490.36,'2021-09-03 19:47:44',4,13,2),(82,0.00,0.00,14.00,0.00,0.00,'2021-10-09 20:11:40',5,30,18),(83,102.20,0.00,11.00,0.00,113.44,'2021-06-25 13:20:47',3,70,4),(84,340.11,0.00,9.00,0.00,370.72,'2020-02-09 00:36:55',5,92,2),(85,0.00,0.00,13.00,0.00,0.00,'2020-01-22 06:55:52',1,79,29),(86,42.20,0.00,15.00,0.00,48.53,'2020-11-10 18:32:15',1,59,5),(87,0.00,0.00,10.00,0.00,0.00,'2020-07-13 23:44:03',5,93,28),(88,101.36,0.00,9.00,0.00,110.48,'2020-03-18 20:12:56',7,37,16),(89,262.64,0.00,5.00,0.00,275.77,'2021-09-30 16:36:48',2,18,24),(90,0.00,0.00,15.00,0.00,0.00,'2020-05-07 09:15:42',7,76,2),(91,0.00,0.00,13.00,0.00,0.00,'2020-02-11 06:50:06',5,13,2),(92,0.00,0.00,9.00,0.00,0.00,'2020-06-08 07:32:03',5,13,21),(93,0.00,0.00,5.00,0.00,0.00,'2020-08-04 18:04:04',7,1,10),(94,382.14,0.00,9.00,0.00,416.53,'2021-12-04 08:01:34',6,14,30),(95,545.69,0.00,5.00,0.00,572.97,'2020-01-25 01:19:47',4,73,1),(96,14.67,0.00,14.00,0.00,16.72,'2021-09-01 00:51:43',6,76,27),(97,0.00,0.00,5.00,0.00,0.00,'2021-03-23 09:18:45',7,11,23),(98,0.00,0.00,11.00,0.00,0.00,'2021-04-03 05:48:33',4,62,28),(99,254.49,0.00,14.00,0.00,290.12,'2021-06-23 04:07:00',7,83,23),(100,262.44,0.00,7.00,0.00,280.81,'2020-09-07 23:47:39',3,33,16),(101,204.24,0.00,6.00,0.00,216.49,'2020-12-06 10:47:27',2,74,17),(102,0.00,0.00,9.00,0.00,0.00,'2021-03-24 07:56:25',5,86,29),(103,0.00,0.00,11.00,0.00,0.00,'2021-11-30 09:01:02',7,16,17),(104,228.11,0.00,8.00,0.00,246.36,'2020-01-21 20:23:43',2,26,11),(105,88.80,0.00,8.00,0.00,95.90,'2021-05-10 07:48:19',6,55,3),(106,0.00,0.00,9.00,0.00,0.00,'2020-05-23 08:51:15',4,47,17),(107,114.10,0.00,7.00,0.00,122.09,'2021-12-02 23:27:53',4,7,1),(108,0.00,0.00,5.00,0.00,0.00,'2020-06-18 17:28:45',4,85,12),(109,62.85,0.00,8.00,0.00,67.88,'2020-09-24 11:25:02',2,46,29),(110,0.00,0.00,13.00,0.00,0.00,'2020-05-12 19:25:13',7,85,15),(111,303.94,0.00,11.00,0.00,337.37,'2021-08-26 19:03:07',5,NULL,17),(112,0.00,0.00,10.00,0.00,0.00,'2021-09-17 02:26:19',5,NULL,29),(113,48.00,0.00,13.00,0.00,54.24,'2020-04-03 09:36:56',4,NULL,8),(114,377.39,0.00,13.00,0.00,426.45,'2020-02-18 18:52:45',6,NULL,8),(115,513.46,0.00,5.00,0.00,539.13,'2021-02-20 08:32:08',2,NULL,24),(116,0.00,0.00,12.00,0.00,0.00,'2020-01-09 05:13:25',1,NULL,27),(117,455.06,0.00,10.00,0.00,500.57,'2021-02-25 06:13:08',2,NULL,13),(118,15.12,0.00,9.00,0.00,16.48,'2021-11-27 13:16:30',2,NULL,19),(119,139.12,0.00,9.00,0.00,151.64,'2021-01-16 05:17:14',4,NULL,19),(120,0.00,0.00,14.00,0.00,0.00,'2020-03-06 22:38:30',1,NULL,8),(121,333.17,0.00,5.00,0.00,349.83,'2021-05-31 06:44:40',1,NULL,3),(122,550.63,0.00,7.00,0.00,589.17,'2020-03-31 08:29:46',5,NULL,30),(123,0.00,0.00,15.00,0.00,0.00,'2020-06-11 22:32:02',2,NULL,6),(124,0.00,0.00,5.00,0.00,0.00,'2021-01-04 11:52:28',1,NULL,11),(125,0.00,0.00,15.00,0.00,0.00,'2020-06-02 20:38:57',4,NULL,9),(126,0.00,0.00,5.00,0.00,0.00,'2021-06-03 07:06:47',6,NULL,16),(127,566.67,0.00,9.00,0.00,617.67,'2020-05-01 05:56:58',2,NULL,20),(128,0.00,0.00,12.00,0.00,0.00,'2021-01-23 06:59:21',4,NULL,12),(129,0.00,0.00,9.00,0.00,0.00,'2020-01-07 10:17:19',5,NULL,15),(130,504.60,0.00,12.00,0.00,565.15,'2021-10-08 10:11:37',2,NULL,18),(131,103.88,0.00,7.00,0.00,111.15,'2020-03-30 14:56:33',1,NULL,10),(132,231.63,0.00,11.00,0.00,257.11,'2020-02-04 10:27:51',2,NULL,25),(133,0.00,0.00,8.00,0.00,0.00,'2020-05-08 03:36:04',2,NULL,6),(134,0.00,0.00,11.00,0.00,0.00,'2020-10-22 03:30:09',3,NULL,4),(135,0.00,0.00,14.00,0.00,0.00,'2021-09-25 09:38:44',5,NULL,3),(136,28.43,0.00,8.00,0.00,30.70,'2020-08-22 08:05:47',5,NULL,18),(137,455.15,0.00,10.00,0.00,500.67,'2021-05-21 02:20:43',1,NULL,25),(138,0.00,0.00,11.00,0.00,0.00,'2020-12-20 06:36:11',4,NULL,3),(139,615.13,0.00,6.00,0.00,652.04,'2020-11-07 18:23:09',5,NULL,6),(140,0.00,0.00,7.00,0.00,0.00,'2020-01-22 13:13:47',1,NULL,23),(141,380.24,0.00,5.00,0.00,399.25,'2020-01-19 02:44:45',2,NULL,14),(142,507.80,0.00,12.00,0.00,568.74,'2020-03-30 20:02:47',2,NULL,9),(143,0.00,0.00,8.00,0.00,0.00,'2021-08-28 20:17:10',6,NULL,1),(144,0.00,0.00,11.00,0.00,0.00,'2021-08-31 10:11:19',1,NULL,24),(145,103.88,0.00,5.00,0.00,109.07,'2021-01-26 14:03:39',4,NULL,16),(146,0.00,0.00,6.00,0.00,0.00,'2020-12-24 15:15:16',6,NULL,7),(147,0.00,0.00,5.00,0.00,0.00,'2020-11-20 15:42:22',6,NULL,18),(148,79.04,0.00,7.00,0.00,84.57,'2020-12-16 04:20:39',4,NULL,6),(149,397.87,0.00,5.00,0.00,417.76,'2020-09-24 11:03:30',6,NULL,16),(150,138.32,0.00,13.00,0.00,156.30,'2021-07-28 17:59:47',1,NULL,13),(151,265.47,0.00,11.00,0.00,294.67,'2020-12-22 11:12:40',4,NULL,3),(152,516.97,0.00,9.00,0.00,563.50,'2021-10-18 21:45:12',4,NULL,28),(153,391.83,0.00,14.00,0.00,446.69,'2021-08-17 18:54:23',5,NULL,20),(154,0.00,0.00,9.00,0.00,0.00,'2021-08-06 03:27:15',1,NULL,7),(155,0.00,0.00,7.00,0.00,0.00,'2021-11-10 01:12:23',7,NULL,27),(156,0.00,0.00,6.00,0.00,0.00,'2021-03-01 12:57:30',3,NULL,24),(157,33.54,0.00,12.00,0.00,37.56,'2020-08-05 19:56:24',7,NULL,28),(158,0.00,0.00,8.00,0.00,0.00,'2020-05-14 12:29:34',2,NULL,27),(159,0.00,0.00,11.00,0.00,0.00,'2021-11-06 17:22:17',1,NULL,30),(160,0.00,0.00,11.00,0.00,0.00,'2021-11-13 05:41:20',3,NULL,11),(161,0.00,0.00,6.00,0.00,0.00,'2020-01-28 04:07:32',5,NULL,30),(162,14.26,0.00,14.00,0.00,16.26,'2021-03-26 13:40:08',6,NULL,16),(163,48.72,0.00,15.00,0.00,56.03,'2020-06-18 23:05:00',3,NULL,29),(164,0.00,0.00,6.00,0.00,0.00,'2019-12-24 01:18:23',2,NULL,21),(165,434.13,0.00,9.00,0.00,473.20,'2020-12-08 12:30:26',1,NULL,30),(166,311.31,0.00,12.00,0.00,348.67,'2021-04-07 20:34:31',5,NULL,21),(167,21.84,0.00,12.00,0.00,24.46,'2021-02-15 21:13:45',5,NULL,21),(168,0.00,0.00,10.00,0.00,0.00,'2020-02-25 12:31:24',6,NULL,13),(169,146.16,0.00,9.00,0.00,159.31,'2021-02-19 07:43:03',1,NULL,15),(170,102.72,0.00,9.00,0.00,111.96,'2021-08-17 13:44:40',4,NULL,18),(171,481.19,0.00,14.00,0.00,548.56,'2020-04-05 22:19:25',5,NULL,4),(172,0.00,0.00,15.00,0.00,0.00,'2020-06-23 16:58:20',3,NULL,1),(173,0.00,0.00,9.00,0.00,0.00,'2021-08-30 18:55:30',4,NULL,12),(174,0.00,0.00,15.00,0.00,0.00,'2021-11-09 02:46:43',3,NULL,12),(175,0.00,0.00,10.00,0.00,0.00,'2020-07-25 00:33:41',4,NULL,11),(176,387.64,0.00,12.00,0.00,434.16,'2021-02-07 23:55:27',3,NULL,28),(177,0.00,0.00,11.00,0.00,0.00,'2021-09-24 13:18:26',5,NULL,26),(178,0.00,0.00,9.00,0.00,0.00,'2020-11-23 11:43:53',4,NULL,15),(179,766.87,0.00,13.00,0.00,866.56,'2021-08-25 03:53:06',7,NULL,26),(180,382.03,0.00,10.00,0.00,420.23,'2021-06-13 23:38:02',3,NULL,26),(181,0.00,0.00,11.00,0.00,0.00,'2020-01-11 00:31:25',2,NULL,12),(182,0.00,0.00,11.00,0.00,0.00,'2020-06-23 21:52:27',3,NULL,4),(183,0.00,0.00,14.00,0.00,0.00,'2021-11-24 20:47:54',1,NULL,28),(184,0.00,0.00,14.00,0.00,0.00,'2021-01-03 13:51:23',7,NULL,20),(185,158.10,0.00,14.00,0.00,180.23,'2020-08-08 00:05:21',1,NULL,29),(186,0.00,0.00,14.00,0.00,0.00,'2021-11-14 16:17:27',1,NULL,26),(187,47.78,0.00,13.00,0.00,53.99,'2021-07-11 12:20:25',5,NULL,1),(188,0.00,0.00,14.00,0.00,0.00,'2020-03-29 22:29:39',3,NULL,11),(189,0.00,0.00,6.00,0.00,0.00,'2021-06-07 04:29:38',2,NULL,11),(190,0.00,0.00,6.00,0.00,0.00,'2021-11-29 15:57:50',2,NULL,30),(191,0.00,0.00,9.00,0.00,0.00,'2020-10-06 21:43:54',2,NULL,18),(192,0.00,0.00,9.00,0.00,0.00,'2021-05-17 07:12:41',4,NULL,11),(193,0.00,0.00,9.00,0.00,0.00,'2020-06-02 23:59:59',1,NULL,7),(194,0.00,0.00,15.00,0.00,0.00,'2020-04-29 18:44:14',3,NULL,23),(195,0.00,0.00,15.00,0.00,0.00,'2021-03-12 00:34:01',6,NULL,26),(196,426.13,0.00,11.00,0.00,473.00,'2021-12-01 11:06:19',6,NULL,20),(197,696.56,0.00,11.00,0.00,773.18,'2021-11-11 13:05:45',5,NULL,23),(198,39.78,0.00,11.00,0.00,44.16,'2020-07-02 13:31:57',3,NULL,22),(199,159.05,0.00,12.00,0.00,178.14,'2019-12-27 18:55:34',2,NULL,6),(200,272.72,0.00,7.00,0.00,291.81,'2020-06-30 11:06:22',5,NULL,19),(201,57.30,0.00,6.00,0.00,60.74,'2021-09-04 17:20:52',4,NULL,26),(202,2.68,0.00,13.00,0.00,3.03,'2020-10-13 13:06:45',2,NULL,15),(203,0.00,0.00,5.00,0.00,0.00,'2020-10-18 09:50:02',7,NULL,12),(204,107.73,0.00,15.00,0.00,123.89,'2021-03-17 02:23:52',7,NULL,7),(205,0.00,0.00,15.00,0.00,0.00,'2020-10-08 08:28:03',3,NULL,6),(206,0.00,0.00,5.00,0.00,0.00,'2021-07-23 03:40:03',2,NULL,23),(207,0.00,0.00,9.00,0.00,0.00,'2020-10-08 12:14:19',7,NULL,22),(208,0.00,0.00,5.00,0.00,0.00,'2020-12-04 09:24:19',4,NULL,2),(209,375.38,0.00,13.00,0.00,424.18,'2021-04-20 09:00:56',5,NULL,8),(210,153.94,0.00,13.00,0.00,173.95,'2021-09-22 08:55:13',6,NULL,19);
/*!40000 ALTER TABLE `customer_bill` ENABLE KEYS */;
UNLOCK TABLES;
/*!50003 SET @saved_cs_client      = @@character_set_client */ ;
/*!50003 SET @saved_cs_results     = @@character_set_results */ ;
/*!50003 SET @saved_col_connection = @@collation_connection */ ;
/*!50003 SET character_set_client  = utf8mb4 */ ;
/*!50003 SET character_set_results = utf8mb4 */ ;
/*!50003 SET collation_connection  = utf8mb4_0900_ai_ci */ ;
/*!50003 SET @saved_sql_mode       = @@sql_mode */ ;
/*!50003 SET sql_mode              = 'STRICT_TRANS_TABLES,NO_ENGINE_SUBSTITUTION' */ ;
DELIMITER ;;
/*!50003 CREATE*/ /*!50017 DEFINER=`root`@`localhost`*/ /*!50003 TRIGGER `customer_bill_BEFORE_UPDATE` BEFORE UPDATE ON `customer_bill` FOR EACH ROW BEGIN
	IF NEW.subtotal>0
    THEN
		SET NEW.total = ((NEW.subtotal + NEW.shipping) * (1 + NEW.taxes/100)) * (1 - NEW.discount/100);
	END IF;
END */;;
DELIMITER ;
/*!50003 SET sql_mode              = @saved_sql_mode */ ;
/*!50003 SET character_set_client  = @saved_cs_client */ ;
/*!50003 SET character_set_results = @saved_cs_results */ ;
/*!50003 SET collation_connection  = @saved_col_connection */ ;

--
-- Table structure for table `customer_offer`
--

DROP TABLE IF EXISTS `customer_offer`;
/*!40101 SET @saved_cs_client     = @@character_set_client */;
/*!50503 SET character_set_client = utf8mb4 */;
CREATE TABLE `customer_offer` (
  `customer_ID` int NOT NULL,
  `offer_ID` int NOT NULL,
  PRIMARY KEY (`customer_ID`,`offer_ID`),
  KEY `fk_customer_offer_offer_idx` (`offer_ID`),
  CONSTRAINT `fk_customer_offer_customer` FOREIGN KEY (`customer_ID`) REFERENCES `myapp`.`customer` (`customer_ID`) ON DELETE CASCADE ON UPDATE CASCADE,
  CONSTRAINT `fk_customer_offer_offer` FOREIGN KEY (`offer_ID`) REFERENCES `offer` (`offer_ID`) ON DELETE CASCADE ON UPDATE CASCADE
) ENGINE=InnoDB DEFAULT CHARSET=utf8mb4 COLLATE=utf8mb4_0900_ai_ci;
/*!40101 SET character_set_client = @saved_cs_client */;

--
-- Dumping data for table `customer_offer`
--

LOCK TABLES `customer_offer` WRITE;
/*!40000 ALTER TABLE `customer_offer` DISABLE KEYS */;
/*!40000 ALTER TABLE `customer_offer` ENABLE KEYS */;
UNLOCK TABLES;

--
-- Table structure for table `customer_order`
--

DROP TABLE IF EXISTS `customer_order`;
/*!40101 SET @saved_cs_client     = @@character_set_client */;
/*!50503 SET character_set_client = utf8mb4 */;
CREATE TABLE `customer_order` (
  `user_order_ID` int NOT NULL AUTO_INCREMENT,
  `status` int NOT NULL,
  `type` int NOT NULL,
  `time_ordered` datetime NOT NULL,
  `time_delivered` datetime DEFAULT NULL,
  `time_cooked` datetime DEFAULT NULL,
  `comment` varchar(500) DEFAULT NULL,
  `customer_ID` int DEFAULT NULL,
  `table_ID` int DEFAULT NULL,
  `waiter_ID` int NOT NULL,
  `chef_ID` int DEFAULT NULL,
  `user_bill_ID` int NOT NULL,
  PRIMARY KEY (`user_order_ID`),
  KEY `fk_user_order_type_idx` (`type`),
  KEY `fk_user_order_customer_idx` (`customer_ID`),
  KEY `fk_user_order_table_idx` (`table_ID`),
  KEY `fk_user_order_status_idx` (`status`),
  KEY `fk_user_order_waiter_idx` (`waiter_ID`),
  KEY `fk_user_order_chef_idx` (`chef_ID`),
  KEY `fk_user_order_user_bill_idx` (`user_bill_ID`),
  CONSTRAINT `fk_customer_order_bill` FOREIGN KEY (`user_bill_ID`) REFERENCES `customer_bill` (`user_bill_ID`) ON DELETE CASCADE ON UPDATE CASCADE,
  CONSTRAINT `fk_user_order_chef` FOREIGN KEY (`chef_ID`) REFERENCES `employee` (`employee_ID`) ON DELETE RESTRICT ON UPDATE RESTRICT,
  CONSTRAINT `fk_user_order_customer` FOREIGN KEY (`customer_ID`) REFERENCES `myapp`.`customer` (`customer_ID`) ON DELETE CASCADE ON UPDATE CASCADE,
  CONSTRAINT `fk_user_order_status` FOREIGN KEY (`status`) REFERENCES `myapp`.`status` (`status_ID`) ON DELETE RESTRICT ON UPDATE RESTRICT,
  CONSTRAINT `fk_user_order_table` FOREIGN KEY (`table_ID`) REFERENCES `table` (`table_number`) ON DELETE RESTRICT ON UPDATE RESTRICT,
  CONSTRAINT `fk_user_order_type` FOREIGN KEY (`type`) REFERENCES `myapp`.`user_order_type` (`type_ID`) ON DELETE RESTRICT ON UPDATE RESTRICT,
  CONSTRAINT `fk_user_order_waiter` FOREIGN KEY (`waiter_ID`) REFERENCES `employee` (`employee_ID`) ON DELETE RESTRICT ON UPDATE RESTRICT
) ENGINE=InnoDB AUTO_INCREMENT=271 DEFAULT CHARSET=utf8mb4 COLLATE=utf8mb4_0900_ai_ci;
/*!40101 SET character_set_client = @saved_cs_client */;

--
-- Dumping data for table `customer_order`
--

LOCK TABLES `customer_order` WRITE;
/*!40000 ALTER TABLE `customer_order` DISABLE KEYS */;
INSERT INTO `customer_order` VALUES (1,206,1,'2020-05-06 03:13:14','2021-08-02 21:32:24','2021-09-19 10:22:31',NULL,76,16,6,7,16),(2,206,1,'2021-04-01 13:07:47','2020-05-14 13:06:38','2020-09-02 13:34:32',NULL,47,20,5,8,4),(3,206,1,'2020-07-24 09:09:44','2021-05-19 05:46:20','2021-09-13 05:26:14',NULL,99,3,6,8,83),(4,206,1,'2021-08-05 22:01:14','2020-03-13 14:44:01','2020-01-19 07:29:01',NULL,18,2,5,8,122),(5,206,1,'2020-11-17 01:52:33','2020-03-16 18:57:03','2020-08-01 19:40:38',NULL,22,21,2,9,109),(6,206,1,'2021-01-16 21:58:08','2020-07-02 16:23:14','2021-09-20 19:40:44',NULL,18,8,2,9,141),(7,206,1,'2020-08-28 11:13:36','2021-11-30 20:06:55','2020-09-04 13:07:01',NULL,74,25,5,10,28),(8,206,1,'2020-02-14 14:55:01','2020-04-05 17:01:27','2021-04-08 06:29:27',NULL,56,22,2,8,50),(9,206,1,'2020-08-27 23:09:00','2021-05-02 06:13:10','2020-10-16 12:28:13',NULL,58,15,3,7,9),(10,206,1,'2021-02-07 02:56:53','2021-10-24 04:58:55','2020-09-19 14:35:15',NULL,84,3,6,9,121),(11,206,1,'2021-03-11 15:46:43','2020-11-02 13:06:31','2021-08-18 14:57:40',NULL,20,22,1,9,111),(12,206,1,'2021-01-23 09:14:51','2021-11-17 17:09:36','2021-08-29 23:46:39',NULL,4,16,6,9,93),(13,206,1,'2021-02-26 13:11:37','2020-07-29 11:58:48','2021-08-10 22:55:19',NULL,99,14,4,9,210),(14,206,1,'2021-03-19 14:34:41','2021-03-17 12:29:42','2021-04-08 01:25:46',NULL,93,6,1,9,136),(15,206,1,'2021-03-07 08:44:40','2021-10-12 13:32:25','2020-09-26 21:21:06',NULL,97,6,6,8,40),(16,206,1,'2020-12-08 23:10:24','2021-11-11 23:48:29','2021-05-11 07:49:07',NULL,44,6,4,10,32),(17,206,1,'2021-06-15 07:06:25','2021-11-18 19:47:26','2021-12-03 09:05:21',NULL,21,24,2,10,199),(18,206,1,'2020-05-13 14:30:56','2021-12-04 01:27:11','2021-05-31 11:25:46',NULL,88,11,6,9,162),(19,206,1,'2020-04-25 03:55:29','2020-01-17 05:49:08','2021-04-21 17:49:57',NULL,100,15,4,8,71),(20,206,1,'2020-07-22 20:12:37','2021-05-30 19:31:51','2020-10-19 20:34:02',NULL,93,9,4,7,55),(21,206,1,'2020-01-08 06:58:41','2021-09-18 17:26:36','2020-06-18 23:51:16',NULL,67,22,4,10,185),(22,206,1,'2021-03-01 15:17:50','2020-07-20 12:07:10','2020-07-27 16:54:16',NULL,32,20,3,9,114),(23,206,1,'2021-09-26 16:48:22','2021-05-31 15:03:30','2021-10-08 10:10:33',NULL,65,18,6,7,122),(24,206,1,'2020-05-11 18:25:21','2021-02-19 22:40:18','2021-09-24 13:45:23',NULL,47,15,4,10,27),(25,206,1,'2020-04-01 16:09:19','2021-05-05 09:44:13','2021-10-27 01:40:03',NULL,8,16,1,8,43),(26,206,1,'2020-10-29 17:50:10','2021-10-15 15:55:31','2020-08-28 03:58:38',NULL,55,5,6,9,74),(27,206,1,'2021-09-02 17:39:10','2020-09-30 18:47:01','2021-02-24 07:31:59',NULL,22,7,4,8,81),(28,206,1,'2020-04-03 12:18:40','2021-11-28 15:43:49','2020-09-16 21:17:37',NULL,4,7,1,8,103),(29,206,1,'2020-12-12 11:29:58','2021-02-26 19:19:45','2020-06-04 04:52:34',NULL,34,8,4,10,3),(30,206,1,'2021-02-14 22:01:19','2021-08-06 12:34:29','2021-01-27 03:29:35',NULL,25,13,5,9,165),(31,206,1,'2021-01-25 16:52:01','2020-08-30 04:16:07','2021-06-05 20:20:34',NULL,NULL,10,3,10,56),(32,206,1,'2020-01-16 11:40:02','2020-09-13 09:23:11','2020-02-01 18:09:47',NULL,NULL,7,6,7,196),(33,206,1,'2021-08-26 17:51:07','2021-08-29 01:10:32','2020-08-03 12:04:29',NULL,NULL,4,6,9,179),(34,206,1,'2021-08-06 18:38:45','2019-12-28 04:16:25','2020-09-03 20:00:30',NULL,NULL,5,5,9,152),(35,206,1,'2020-03-12 20:29:44','2020-02-05 11:20:48','2021-07-13 12:20:26',NULL,NULL,4,6,10,2),(36,206,1,'2020-07-10 15:44:58','2020-06-13 17:59:07','2021-02-08 20:14:16',NULL,NULL,16,1,7,24),(37,206,1,'2020-02-11 23:05:21','2021-09-02 17:46:42','2020-04-09 19:39:35',NULL,NULL,21,5,10,186),(38,206,1,'2020-12-29 14:54:23','2021-08-25 21:07:30','2021-01-11 00:41:22',NULL,NULL,15,1,7,56),(39,206,1,'2021-07-11 05:59:22','2020-05-06 05:19:46','2020-06-02 00:17:35',NULL,NULL,6,1,10,171),(40,206,1,'2020-10-09 18:35:50','2020-12-23 09:44:06','2020-11-17 11:41:09',NULL,NULL,22,5,8,115),(41,206,1,'2020-09-09 21:12:33','2020-02-17 17:46:31','2020-11-17 13:19:06',NULL,NULL,18,3,8,27),(42,206,1,'2021-11-05 04:55:31','2021-11-18 06:36:34','2020-10-25 12:23:16',NULL,NULL,13,2,9,83),(43,206,1,'2021-01-19 17:05:38','2020-12-11 02:55:56','2021-03-29 04:00:00',NULL,NULL,4,2,8,1),(44,206,1,'2021-01-30 01:16:03','2021-05-03 14:12:21','2021-10-16 06:43:22',NULL,NULL,10,6,7,132),(45,206,1,'2021-08-21 08:34:52','2021-11-08 04:28:45','2020-03-29 00:41:46',NULL,NULL,14,1,8,43),(46,206,1,'2021-11-02 03:31:59','2021-10-11 11:08:14','2020-01-30 09:33:35',NULL,NULL,8,5,7,67),(47,206,1,'2021-11-29 02:34:08','2021-03-15 10:32:54','2021-03-10 03:47:39',NULL,NULL,13,5,7,104),(48,206,1,'2021-10-26 07:22:02','2021-10-30 17:13:09','2021-03-29 19:35:36',NULL,NULL,22,2,8,46),(49,206,1,'2021-09-04 02:54:23','2020-01-27 15:23:01','2021-06-28 10:25:23',NULL,NULL,9,2,8,70),(50,206,1,'2020-08-26 13:56:23','2020-01-29 04:36:41','2020-12-27 00:58:58',NULL,NULL,21,2,7,179),(51,206,1,'2021-11-11 13:33:19','2020-03-20 03:17:52','2020-03-18 17:58:25',NULL,NULL,9,2,7,114),(52,206,1,'2020-11-09 00:56:10','2021-01-16 22:10:43','2020-05-22 13:15:29',NULL,NULL,2,4,10,13),(53,206,1,'2021-07-31 16:11:44','2020-10-24 07:28:10','2021-10-11 11:50:04',NULL,NULL,14,5,9,101),(54,206,1,'2020-10-10 22:05:10','2021-03-06 15:44:30','2020-08-18 09:55:56',NULL,NULL,6,4,7,196),(55,206,1,'2020-12-14 08:22:57','2021-12-01 20:32:07','2021-02-05 06:04:43',NULL,NULL,22,5,8,26),(56,206,1,'2021-02-18 21:10:35','2020-07-17 14:18:54','2020-12-24 04:17:09',NULL,NULL,12,2,9,36),(57,206,1,'2021-04-03 12:26:08','2021-07-20 22:49:49','2021-04-18 12:55:22',NULL,NULL,18,4,7,3),(58,206,1,'2021-05-30 21:18:02','2020-07-26 03:00:00','2020-01-25 00:06:44',NULL,NULL,12,1,7,56),(59,206,1,'2021-01-19 03:07:44','2021-01-21 22:39:27','2021-11-22 10:26:23',NULL,NULL,11,6,9,95),(60,206,1,'2020-03-19 18:44:46','2020-06-17 17:26:51','2020-12-21 23:48:07',NULL,NULL,7,3,10,61),(61,206,1,'2021-12-13 09:02:57','2021-06-28 12:11:25','2020-01-16 19:33:36',NULL,NULL,6,6,10,153),(62,206,1,'2020-08-06 07:33:12','2021-04-09 17:22:19','2020-11-19 10:37:55',NULL,NULL,15,4,9,156),(63,206,1,'2020-01-25 18:31:39','2020-12-16 10:20:24','2021-05-29 15:56:28',NULL,NULL,13,4,9,151),(64,206,1,'2020-04-27 22:18:49','2021-08-23 13:01:29','2020-11-12 22:22:52',NULL,NULL,1,4,8,149),(65,206,1,'2021-09-07 02:00:36','2019-12-27 09:03:34','2020-11-07 03:14:29',NULL,NULL,19,1,9,38),(66,206,1,'2020-10-05 14:13:28','2021-10-29 13:31:25','2021-06-07 05:52:45',NULL,NULL,15,2,8,150),(67,206,1,'2021-04-24 23:43:28','2020-02-16 14:57:13','2021-01-17 23:57:24',NULL,NULL,1,5,8,20),(68,206,1,'2021-11-22 20:29:33','2021-03-17 02:03:25','2021-10-06 22:45:42',NULL,NULL,15,4,9,131),(69,206,1,'2020-08-11 16:57:18','2020-12-15 13:09:12','2020-08-31 05:20:38',NULL,NULL,7,1,7,35),(70,206,1,'2021-09-14 13:29:48','2021-09-19 13:35:42','2020-04-20 20:08:16',NULL,NULL,20,4,10,47),(71,206,2,'2021-10-17 20:52:58','2021-01-29 22:02:07','2020-01-27 17:18:48',NULL,NULL,27,6,9,85),(72,206,2,'2021-03-19 18:24:43','2021-04-15 14:22:41','2021-11-07 13:47:17',NULL,NULL,26,6,8,121),(73,206,2,'2021-12-09 20:00:52','2020-09-07 08:41:16','2021-09-08 19:20:46',NULL,NULL,26,2,9,160),(74,206,2,'2021-08-22 21:45:28','2020-08-05 21:39:43','2021-03-24 04:14:57',NULL,NULL,27,2,7,57),(75,206,2,'2021-10-21 13:05:03','2021-11-24 21:03:34','2021-09-19 09:22:50',NULL,NULL,27,6,9,77),(76,206,2,'2021-10-14 17:33:40','2020-02-05 20:17:26','2020-11-18 07:24:09',NULL,NULL,26,4,8,178),(77,206,2,'2021-02-08 09:55:06','2020-03-09 17:10:30','2021-12-16 19:00:16',NULL,NULL,26,2,8,71),(78,206,2,'2021-06-08 13:29:40','2019-12-27 17:28:34','2020-09-26 15:41:18',NULL,NULL,27,4,10,31),(79,206,2,'2020-09-19 15:03:49','2020-08-21 07:35:33','2020-09-08 08:12:57',NULL,NULL,27,6,10,1),(80,206,2,'2021-08-24 00:12:54','2020-01-24 17:53:04','2020-04-29 04:05:49',NULL,NULL,27,2,8,65),(81,206,2,'2020-12-24 19:28:54','2020-12-06 11:02:07','2021-08-07 15:11:38',NULL,NULL,26,1,9,2),(82,206,2,'2020-09-02 21:51:55','2020-07-03 08:28:13','2021-04-04 17:36:50',NULL,NULL,27,4,9,74),(83,206,2,'2021-06-20 08:27:32','2020-08-17 05:10:53','2021-07-01 11:22:50',NULL,NULL,27,4,7,15),(84,206,2,'2020-11-06 13:25:35','2021-06-25 03:31:43','2020-01-29 04:54:04',NULL,NULL,27,4,10,156),(85,206,2,'2020-01-20 11:09:56','2020-12-16 13:05:55','2020-03-01 19:50:37',NULL,NULL,26,5,10,112),(86,206,2,'2021-01-21 22:55:54','2021-04-21 15:19:23','2020-08-13 19:28:00',NULL,NULL,26,1,9,111),(87,206,2,'2021-03-25 22:21:29','2020-04-28 06:48:35','2020-01-07 19:09:50',NULL,NULL,27,3,10,144),(88,206,2,'2021-08-12 15:21:15','2021-09-02 17:48:26','2020-11-08 00:18:19',NULL,NULL,27,1,10,148),(89,206,2,'2020-06-22 21:26:22','2021-08-22 21:19:44','2021-10-06 16:48:04',NULL,NULL,26,6,10,152),(90,206,2,'2021-05-20 13:04:41','2020-05-02 06:11:40','2021-04-14 10:09:53',NULL,NULL,26,5,7,13),(91,206,2,'2020-10-03 16:21:53','2021-06-19 17:48:20','2021-12-14 15:32:42',NULL,NULL,27,3,9,82),(92,206,2,'2020-07-19 23:53:19','2021-05-06 04:08:13','2020-11-25 17:13:32',NULL,NULL,26,6,7,160),(93,206,2,'2021-08-10 20:26:59','2020-07-17 13:57:43','2021-03-16 16:26:58',NULL,NULL,27,4,9,45),(94,206,2,'2021-02-28 09:40:15','2021-12-03 03:06:14','2020-01-25 03:49:01',NULL,NULL,26,2,7,83),(95,206,2,'2020-12-09 19:02:09','2020-04-03 01:20:12','2020-06-10 23:20:08',NULL,NULL,26,1,7,163),(96,206,2,'2020-05-21 04:09:22','2021-08-08 12:36:39','2021-02-17 18:23:46',NULL,NULL,27,4,8,97),(97,206,2,'2020-11-25 09:28:37','2021-10-12 16:18:46','2020-05-20 17:36:34',NULL,NULL,26,3,9,107),(98,206,2,'2020-08-02 14:00:52','2021-10-28 01:20:53','2021-08-10 06:34:28',NULL,NULL,26,5,8,69),(99,206,2,'2021-06-30 20:14:22','2020-08-29 12:38:04','2021-07-07 14:40:01',NULL,NULL,27,1,10,122),(100,206,2,'2021-03-19 20:23:31','2021-03-18 16:36:02','2020-12-12 01:38:43',NULL,NULL,26,4,8,173),(101,206,3,'2021-08-08 13:37:25','2021-05-19 14:26:56','2020-08-15 18:23:34',NULL,NULL,28,1,10,8),(102,206,3,'2021-12-14 08:18:26','2021-05-31 16:23:23','2021-06-01 20:06:14',NULL,NULL,29,6,8,166),(103,206,3,'2021-08-16 16:03:53','2020-10-17 16:24:25','2021-05-25 22:55:19',NULL,NULL,28,1,9,160),(104,206,3,'2020-12-02 07:25:16','2021-04-11 01:58:02','2021-10-24 23:12:50',NULL,NULL,28,5,9,136),(105,206,3,'2020-06-25 12:00:46','2021-02-03 18:16:27','2020-02-29 04:13:20',NULL,NULL,28,2,9,129),(106,206,3,'2021-07-10 06:24:23','2020-05-22 08:53:40','2020-10-02 03:13:52',NULL,NULL,28,4,9,6),(107,206,3,'2021-04-16 07:56:43','2020-06-27 00:53:57','2021-07-01 07:04:57',NULL,NULL,28,3,10,40),(108,206,3,'2021-09-07 04:29:17','2021-03-25 18:28:00','2020-10-28 08:44:13',NULL,NULL,28,6,7,140),(109,206,3,'2020-06-20 17:54:04','2020-01-22 15:02:10','2021-10-17 16:40:36',NULL,NULL,30,4,7,117),(110,206,3,'2020-01-01 01:25:34','2021-10-09 12:02:23','2020-01-29 18:10:04',NULL,NULL,30,2,7,62),(111,206,3,'2021-06-21 04:44:39','2020-03-15 13:29:27','2021-06-09 21:36:09',NULL,NULL,29,1,7,4),(112,206,3,'2021-12-15 02:29:38','2020-05-20 09:46:20','2021-10-25 01:35:32',NULL,NULL,29,3,9,79),(113,206,3,'2020-09-06 03:53:50','2020-06-13 00:48:24','2021-07-12 11:41:54',NULL,NULL,29,5,8,91),(114,206,3,'2020-08-27 02:57:14','2020-07-13 23:40:31','2021-07-20 23:56:43',NULL,NULL,28,3,7,63),(115,206,3,'2020-01-04 14:09:56','2020-04-20 23:37:01','2020-11-15 23:02:08',NULL,NULL,29,3,7,130),(116,206,3,'2020-04-15 03:00:30','2021-09-10 10:24:47','2020-07-08 06:35:08',NULL,NULL,29,4,7,196),(117,206,3,'2021-04-15 01:01:08','2021-06-19 03:26:58','2021-03-21 21:11:49',NULL,NULL,29,6,10,4),(118,206,3,'2021-11-01 18:43:46','2021-10-20 09:21:41','2021-06-29 07:02:07',NULL,NULL,29,1,7,130),(119,206,3,'2021-11-12 00:37:14','2020-04-17 02:25:16','2020-05-30 16:08:55',NULL,NULL,29,4,8,198),(120,206,3,'2021-10-12 17:33:58','2021-10-04 14:32:31','2020-03-14 13:57:36',NULL,NULL,28,5,9,83),(121,206,3,'2020-04-29 21:03:00','2021-07-28 06:37:29','2021-08-02 15:39:47',NULL,NULL,29,4,10,88),(122,206,3,'2021-11-22 10:46:28','2021-05-11 19:13:58','2021-10-02 21:12:21',NULL,NULL,30,1,8,15),(123,206,3,'2020-10-29 11:54:18','2021-06-22 11:30:24','2021-03-04 07:33:52',NULL,NULL,28,3,7,179),(124,206,3,'2020-06-29 03:31:58','2021-06-11 22:45:32','2021-05-22 19:33:38',NULL,NULL,30,5,9,45),(125,206,3,'2020-12-04 13:16:44','2021-12-15 17:23:02','2021-07-20 07:31:22',NULL,NULL,30,2,8,130),(126,206,3,'2020-09-13 03:12:11','2020-07-24 05:45:14','2021-08-29 00:16:44',NULL,NULL,28,6,7,200),(127,206,3,'2021-08-05 13:01:55','2020-02-12 02:18:07','2021-03-01 00:38:23',NULL,NULL,30,2,10,58),(128,206,3,'2021-12-10 09:45:25','2021-05-29 08:08:38','2021-07-30 15:03:26',NULL,NULL,30,4,9,187),(129,206,3,'2020-09-29 04:49:01','2020-07-09 03:15:32','2020-07-29 13:36:54',NULL,NULL,30,2,10,193),(130,206,3,'2020-03-27 23:05:53','2021-06-09 01:53:23','2021-02-06 12:32:00',NULL,NULL,28,3,10,42),(131,206,3,'2021-12-08 23:19:01','2021-12-19 18:26:58','2021-05-06 06:50:27',NULL,NULL,28,3,9,89),(132,206,3,'2021-03-14 22:01:23','2020-03-29 08:18:56','2020-08-20 03:49:19',NULL,NULL,30,5,10,119),(133,206,3,'2020-10-21 15:19:06','2021-09-27 06:36:27','2020-01-07 03:04:55',NULL,NULL,29,3,7,163),(134,206,3,'2020-10-25 10:29:26','2021-07-01 00:38:54','2021-07-02 22:15:54',NULL,NULL,28,2,9,47),(135,206,3,'2021-07-05 14:37:52','2020-03-27 19:58:40','2021-04-10 22:05:50',NULL,NULL,29,2,10,113),(136,206,3,'2021-01-24 22:01:18','2021-08-01 18:23:43','2021-01-04 04:28:35',NULL,NULL,30,2,8,9),(137,206,3,'2020-02-25 14:54:27','2021-11-13 21:57:35','2020-05-30 10:32:22',NULL,NULL,28,4,8,25),(138,206,3,'2020-08-04 03:13:51','2021-01-23 06:29:52','2020-10-31 13:13:48',NULL,NULL,30,1,10,88),(139,206,3,'2021-08-12 15:59:01','2020-01-14 05:56:48','2020-10-27 18:06:01',NULL,NULL,28,6,10,162),(140,206,3,'2021-03-24 11:15:01','2020-07-28 14:50:29','2020-05-02 00:12:11',NULL,NULL,29,3,9,20),(141,206,3,'2021-08-19 18:57:15','2020-12-13 01:28:23','2021-03-10 09:14:39',NULL,NULL,29,1,7,73),(142,206,3,'2021-07-01 05:11:51','2020-10-25 00:52:18','2021-11-12 18:28:35',NULL,NULL,28,4,10,81),(143,206,3,'2021-04-08 07:22:14','2021-08-02 08:53:11','2020-07-17 08:29:17',NULL,NULL,28,4,10,32),(144,206,3,'2020-07-30 15:44:29','2021-03-16 08:05:50','2021-04-11 11:50:16',NULL,NULL,29,5,8,99),(145,206,3,'2021-10-01 11:42:35','2020-02-02 19:20:38','2019-12-30 16:56:48',NULL,NULL,28,6,9,66),(146,206,3,'2021-11-19 04:18:04','2021-06-21 04:30:43','2020-11-19 14:19:24',NULL,NULL,30,6,10,124),(147,206,3,'2020-04-12 21:07:17','2021-09-15 18:05:09','2021-11-09 08:54:25',NULL,NULL,30,2,10,77),(148,206,3,'2020-09-25 14:15:02','2020-03-03 03:17:58','2020-05-03 19:14:17',NULL,NULL,30,4,7,63),(149,206,3,'2021-06-15 00:09:00','2020-04-24 08:45:57','2021-09-27 03:21:31',NULL,NULL,29,3,8,186),(150,206,3,'2021-02-03 13:10:50','2021-08-24 17:00:19','2021-08-23 09:08:05',NULL,NULL,29,6,9,53),(151,206,3,'2020-09-03 12:43:16','2021-05-06 09:30:38','2020-07-02 13:25:39',NULL,NULL,30,1,9,111),(152,206,3,'2020-09-24 20:30:07','2021-08-31 01:46:37','2021-01-22 10:41:26',NULL,NULL,30,4,7,179),(153,206,3,'2020-07-31 10:35:45','2020-06-15 23:19:58','2021-01-28 04:03:25',NULL,NULL,28,5,9,149),(154,206,3,'2020-08-30 03:53:28','2020-03-07 16:39:48','2021-05-09 15:05:57',NULL,NULL,29,1,8,157),(155,206,3,'2020-02-08 11:02:05','2021-02-03 20:32:15','2021-06-25 19:46:23',NULL,NULL,29,6,8,78),(156,206,3,'2021-04-13 00:09:17','2020-03-04 13:28:35','2021-07-14 12:15:35',NULL,NULL,30,2,9,43),(157,206,3,'2021-03-09 15:04:49','2021-11-08 18:00:15','2021-10-05 08:16:32',NULL,NULL,29,2,9,21),(158,206,3,'2021-03-29 20:59:46','2021-05-28 06:23:25','2021-02-13 07:33:12',NULL,NULL,30,6,9,76),(159,206,3,'2021-08-11 17:54:04','2020-02-15 04:31:14','2021-06-05 03:01:55',NULL,NULL,28,3,7,96),(160,206,3,'2021-11-25 12:34:22','2021-09-11 01:33:40','2020-10-05 06:45:11',NULL,NULL,29,6,10,130),(161,206,3,'2021-10-02 21:23:57','2020-02-13 01:28:09','2020-11-28 03:27:42',NULL,NULL,28,2,8,84),(162,206,3,'2020-05-20 03:43:53','2020-09-16 23:02:15','2020-04-24 14:26:29',NULL,NULL,28,3,9,10),(163,206,3,'2021-03-10 22:42:11','2021-03-03 11:03:09','2021-11-29 19:05:36',NULL,NULL,29,6,7,4),(164,206,3,'2021-01-10 14:16:39','2020-04-17 15:18:33','2020-08-12 05:00:56',NULL,NULL,28,5,10,203),(165,206,3,'2021-05-29 19:34:42','2020-11-06 04:02:58','2020-08-12 09:45:32',NULL,NULL,29,4,10,153),(166,206,3,'2020-01-06 18:58:18','2021-02-13 07:53:16','2020-08-05 14:01:13',NULL,NULL,30,6,7,196),(167,206,3,'2020-08-08 13:43:10','2020-02-01 00:01:52','2021-09-21 20:57:13',NULL,NULL,29,2,10,209),(168,206,3,'2021-07-29 23:30:28','2021-01-19 00:04:19','2020-07-14 09:10:20',NULL,NULL,29,5,8,127),(169,206,3,'2021-03-15 15:08:31','2020-03-14 07:31:06','2021-01-29 17:28:31',NULL,NULL,28,1,9,204),(170,206,3,'2021-08-03 16:14:07','2020-01-02 13:07:45','2020-04-18 16:10:34',NULL,NULL,28,1,7,121),(171,206,3,'2020-03-13 21:28:14','2021-07-22 05:00:55','2020-07-01 02:19:21',NULL,NULL,30,3,8,115),(172,206,3,'2020-10-31 16:43:06','2021-11-11 20:14:15','2021-11-20 05:05:20',NULL,NULL,29,2,10,96),(173,206,3,'2021-04-03 05:02:25','2021-01-16 15:29:47','2020-02-22 22:02:43',NULL,NULL,28,6,8,6),(174,206,3,'2021-07-13 17:36:01','2021-10-27 11:32:27','2020-03-12 02:18:19',NULL,NULL,28,1,10,176),(175,206,3,'2020-11-20 08:39:26','2020-06-03 01:59:02','2021-03-25 12:41:23',NULL,NULL,30,2,10,68),(176,206,3,'2021-06-08 19:26:24','2021-05-14 12:16:49','2021-09-16 19:01:29',NULL,NULL,30,5,8,171),(177,206,3,'2021-03-17 00:37:38','2021-10-23 17:35:45','2021-10-20 22:25:52',NULL,NULL,29,3,7,42),(178,206,3,'2021-10-17 12:53:26','2021-07-06 02:46:00','2021-09-19 00:26:10',NULL,NULL,30,6,9,137),(179,206,3,'2021-10-02 00:52:50','2021-11-04 03:36:55','2021-09-08 08:25:21',NULL,NULL,28,3,10,174),(180,206,3,'2021-12-19 12:14:32','2021-11-03 14:31:20','2020-12-10 19:26:47',NULL,NULL,28,6,7,122),(181,206,3,'2021-03-31 06:55:59','2021-08-18 11:56:44','2021-12-14 07:25:12',NULL,NULL,29,1,7,67),(182,206,3,'2020-11-05 03:55:40','2020-11-24 14:37:56','2021-09-17 13:07:28',NULL,NULL,30,2,7,122),(183,206,3,'2020-12-02 23:24:29','2021-03-02 00:30:00','2021-04-23 04:54:40',NULL,NULL,30,3,9,117),(184,206,3,'2021-08-27 14:16:23','2021-10-20 04:19:44','2020-04-14 11:30:13',NULL,NULL,28,1,9,100),(185,206,3,'2021-07-01 01:32:25','2020-07-26 20:20:00','2020-10-27 16:33:04',NULL,NULL,28,5,10,139),(186,206,3,'2020-06-12 06:29:22','2021-01-21 22:05:15','2021-01-15 06:19:27',NULL,NULL,29,1,10,167),(187,206,3,'2021-03-29 06:46:40','2021-07-19 04:37:19','2020-06-02 04:26:53',NULL,NULL,28,1,10,38),(188,206,3,'2020-11-16 00:45:24','2020-05-08 05:22:26','2020-11-23 18:50:53',NULL,NULL,28,2,8,169),(189,206,3,'2021-07-01 13:49:46','2019-12-29 00:21:25','2020-05-28 06:36:15',NULL,NULL,29,6,8,136),(190,206,3,'2021-08-12 07:29:11','2021-03-10 01:04:50','2021-07-22 09:30:01',NULL,NULL,28,6,7,145),(191,206,3,'2021-01-24 08:10:15','2021-06-20 03:23:56','2021-03-26 12:38:10',NULL,NULL,28,4,7,104),(192,206,3,'2021-07-12 00:28:24','2021-01-25 10:17:21','2020-03-30 12:34:16',NULL,NULL,28,4,9,167),(193,206,3,'2021-01-12 12:52:38','2020-08-03 23:59:17','2021-12-04 16:49:26',NULL,NULL,29,6,8,29),(194,206,3,'2021-12-01 07:26:23','2019-12-30 15:49:41','2020-10-23 06:40:21',NULL,NULL,30,5,8,140),(195,206,3,'2020-02-20 06:20:24','2021-10-11 07:29:03','2020-07-06 02:07:19',NULL,NULL,30,6,9,169),(196,206,3,'2020-05-11 02:22:05','2021-10-19 12:11:57','2021-05-29 20:36:09',NULL,NULL,29,1,8,20),(197,206,3,'2020-08-12 03:13:54','2021-05-25 16:18:06','2021-04-12 18:10:24',NULL,NULL,30,3,10,124),(198,206,3,'2020-11-08 16:38:12','2021-11-10 20:27:54','2021-05-18 10:22:27',NULL,NULL,30,4,8,94),(199,206,3,'2020-02-26 09:17:41','2021-12-22 00:07:08','2021-08-13 23:07:11',NULL,NULL,30,5,10,198),(200,206,3,'2020-09-11 10:13:07','2021-01-25 08:05:35','2021-12-20 17:26:38',NULL,NULL,28,6,10,161),(201,206,1,'2020-09-16 08:12:18','2021-04-18 08:58:18','2020-11-22 11:22:36',NULL,NULL,15,5,10,80),(202,206,1,'2020-01-07 16:10:06','2020-05-21 14:23:20','2020-01-01 18:57:39',NULL,NULL,11,3,7,101),(203,206,1,'2021-05-27 08:58:42','2020-11-12 04:58:44','2021-10-19 16:07:07',NULL,NULL,14,6,9,14),(204,206,1,'2021-07-04 02:15:32','2021-04-20 06:24:17','2020-04-06 07:30:10',NULL,NULL,20,5,9,41),(205,206,1,'2020-10-07 08:20:42','2020-04-16 10:13:56','2020-03-08 19:16:53',NULL,NULL,24,1,9,48),(206,206,1,'2020-06-05 07:53:48','2020-06-13 10:49:56','2021-04-12 17:18:43',NULL,NULL,7,3,9,6),(207,206,1,'2020-04-25 03:38:06','2021-04-09 03:27:28','2021-03-18 04:30:06',NULL,NULL,5,6,7,136),(208,206,1,'2021-03-03 20:59:59','2020-03-08 07:00:33','2020-10-15 20:32:26',NULL,NULL,18,5,9,42),(209,206,1,'2021-01-25 08:44:37','2021-11-24 09:47:09','2021-05-26 13:35:03',NULL,NULL,24,1,7,57),(210,206,1,'2021-04-17 02:36:07','2021-11-09 00:02:55','2020-03-03 20:37:05',NULL,NULL,22,4,8,170),(211,206,1,'2020-10-18 13:04:08','2020-11-29 11:54:33','2021-08-11 11:02:47',NULL,NULL,21,4,9,30),(212,206,1,'2021-08-13 04:27:33','2020-04-19 21:52:15','2020-10-24 09:43:50',NULL,NULL,10,3,9,161),(213,206,1,'2020-02-28 21:48:52','2021-07-20 11:51:54','2021-06-20 20:23:35',NULL,NULL,9,3,10,24),(214,206,1,'2020-08-31 20:50:21','2021-02-04 19:04:14','2020-01-31 18:04:32',NULL,NULL,20,3,8,33),(215,206,1,'2020-12-14 11:27:06','2020-04-02 16:00:43','2020-11-06 03:45:10',NULL,NULL,25,2,8,157),(216,206,1,'2020-11-26 18:31:34','2021-12-03 23:36:14','2021-03-10 04:14:27',NULL,NULL,20,6,7,178),(217,206,1,'2020-04-05 07:05:30','2020-03-08 20:24:40','2020-04-05 02:30:29',NULL,NULL,3,4,9,82),(218,206,1,'2021-07-20 19:57:35','2020-05-29 11:41:00','2020-10-17 07:14:51',NULL,NULL,1,6,8,132),(219,206,1,'2021-11-08 16:19:48','2021-10-30 01:46:24','2020-10-07 04:51:29',NULL,NULL,6,1,8,93),(220,206,1,'2020-04-28 09:26:33','2020-08-30 10:39:14','2021-09-27 20:25:56',NULL,NULL,19,2,9,197),(221,206,1,'2020-06-26 21:36:24','2020-06-22 07:14:45','2021-03-15 02:37:55',NULL,NULL,17,5,10,142),(222,206,1,'2021-01-06 04:01:27','2020-06-28 15:36:33','2021-06-14 19:13:55',NULL,NULL,19,5,7,209),(223,206,1,'2020-10-23 06:40:03','2020-04-21 07:10:16','2021-11-11 13:30:51',NULL,NULL,25,6,7,88),(224,206,1,'2020-08-28 10:32:41','2020-02-29 22:44:43','2021-06-08 17:46:42',NULL,NULL,23,2,7,80),(225,206,1,'2020-12-06 10:25:33','2020-05-25 21:42:36','2020-03-17 10:48:17',NULL,NULL,1,4,7,112),(226,206,1,'2020-12-15 10:42:51','2020-09-02 18:40:34','2021-09-07 01:05:45',NULL,NULL,12,5,7,78),(227,206,1,'2021-03-21 00:17:38','2021-04-05 05:43:58','2021-05-08 09:39:45',NULL,NULL,6,4,10,34),(228,206,1,'2021-11-04 09:59:41','2021-05-12 10:43:02','2021-10-11 15:22:45',NULL,NULL,17,6,7,193),(229,206,1,'2021-05-07 16:12:09','2020-06-18 20:51:58','2020-07-16 11:55:59',NULL,NULL,4,2,9,102),(230,206,1,'2020-07-27 10:02:40','2021-12-11 14:21:38','2021-03-14 17:08:28',NULL,NULL,21,2,7,131),(231,206,1,'2021-05-22 20:38:01','2021-02-24 21:27:01','2021-12-10 14:46:45',NULL,NULL,5,6,7,69),(232,206,1,'2020-01-18 04:10:21','2021-04-19 23:34:46','2021-06-04 13:55:46',NULL,NULL,6,4,9,95),(233,206,1,'2020-01-24 19:09:01','2020-06-12 03:08:58','2020-01-31 12:32:28',NULL,NULL,10,6,9,192),(234,206,1,'2020-09-14 01:34:57','2020-09-29 03:17:15','2021-07-21 07:53:35',NULL,NULL,4,4,10,141),(235,206,1,'2020-07-04 18:41:40','2020-07-12 09:35:50','2020-07-26 17:33:18',NULL,NULL,18,5,8,63),(236,206,1,'2020-10-20 04:00:49','2020-09-20 04:07:58','2020-12-27 15:31:21',NULL,NULL,1,6,9,5),(237,206,1,'2020-06-09 06:16:46','2020-08-24 09:48:07','2019-12-29 13:46:15',NULL,NULL,13,2,8,24),(238,206,1,'2021-07-16 14:41:18','2020-09-02 10:10:27','2020-09-14 23:09:29',NULL,NULL,8,4,10,181),(239,206,1,'2020-09-24 17:45:56','2020-02-01 12:41:25','2021-03-31 18:58:40',NULL,NULL,22,5,7,105),(240,206,1,'2021-11-14 08:24:09','2020-03-24 08:11:17','2021-12-19 01:13:39',NULL,NULL,5,4,9,118),(241,206,4,'2020-06-05 22:11:14','2020-09-02 16:53:56',NULL,NULL,NULL,18,4,NULL,160),(242,206,4,'2020-04-16 00:43:27','2021-03-17 20:24:14',NULL,NULL,NULL,17,5,NULL,42),(243,206,4,'2020-10-26 02:01:29','2021-03-05 22:35:37',NULL,NULL,NULL,19,5,NULL,79),(244,206,4,'2021-01-02 04:32:25','2021-12-04 00:23:14',NULL,NULL,NULL,5,5,NULL,64),(245,206,4,'2021-11-08 00:29:25','2021-10-24 08:55:09',NULL,NULL,NULL,15,1,NULL,43),(246,206,4,'2020-04-02 09:57:27','2020-10-10 15:28:18',NULL,NULL,NULL,20,3,NULL,8),(247,206,4,'2020-11-03 00:24:36','2020-01-11 00:17:51',NULL,NULL,NULL,2,3,NULL,196),(248,206,4,'2020-06-04 09:20:24','2021-10-21 19:07:51',NULL,NULL,NULL,9,6,NULL,98),(249,206,4,'2020-09-26 16:55:32','2020-03-28 00:27:05',NULL,NULL,NULL,1,4,NULL,210),(250,206,4,'2020-09-18 12:26:16','2020-09-30 10:28:48',NULL,NULL,NULL,23,2,NULL,202),(251,206,4,'2020-12-31 10:43:14','2021-10-21 17:23:39',NULL,NULL,NULL,25,4,NULL,47),(252,206,4,'2020-08-11 02:16:47','2020-03-31 01:55:39',NULL,NULL,NULL,25,6,NULL,180),(253,206,4,'2020-01-07 13:44:51','2021-10-19 18:23:35',NULL,NULL,NULL,16,1,NULL,34),(254,206,4,'2020-08-08 22:26:46','2020-09-30 12:45:35',NULL,NULL,NULL,7,6,NULL,207),(255,206,4,'2021-03-04 20:13:59','2021-06-25 09:30:30',NULL,NULL,NULL,23,2,NULL,89),(256,206,4,'2020-09-01 04:31:37','2020-12-10 22:01:40',NULL,NULL,NULL,23,4,NULL,194),(257,206,4,'2021-11-21 11:28:42','2021-02-24 12:16:45',NULL,NULL,NULL,6,2,NULL,197),(258,206,4,'2021-08-06 21:02:07','2020-04-30 14:15:12',NULL,NULL,NULL,14,4,NULL,128),(259,206,4,'2020-01-13 22:37:31','2020-04-14 11:17:12',NULL,NULL,NULL,10,3,NULL,200),(260,206,4,'2021-06-01 07:50:30','2020-10-21 12:21:06',NULL,NULL,NULL,20,5,NULL,86),(261,206,4,'2020-01-11 22:18:37','2020-03-27 09:45:37',NULL,NULL,NULL,18,4,NULL,107),(262,206,4,'2020-03-02 04:23:31','2021-01-27 05:30:44',NULL,NULL,NULL,16,6,NULL,35),(263,206,4,'2020-09-01 15:29:43','2021-07-30 15:29:20',NULL,NULL,NULL,14,2,NULL,152),(264,206,4,'2020-11-17 12:02:28','2020-06-28 05:16:23',NULL,NULL,NULL,23,5,NULL,139),(265,206,4,'2020-10-02 15:05:09','2020-04-07 12:21:21',NULL,NULL,NULL,13,2,NULL,137),(266,206,4,'2021-06-26 14:49:34','2021-11-21 16:31:31',NULL,NULL,NULL,24,3,NULL,171),(267,206,4,'2021-10-22 21:32:22','2020-01-24 00:34:27',NULL,NULL,NULL,13,2,NULL,201),(268,206,4,'2021-06-26 14:59:10','2021-03-15 09:06:31',NULL,NULL,NULL,9,2,NULL,207),(269,206,4,'2020-04-01 07:13:42','2020-11-24 13:54:33',NULL,NULL,NULL,12,4,NULL,199),(270,206,4,'2020-09-25 05:41:56','2020-03-23 17:29:03',NULL,NULL,NULL,6,6,NULL,105);
/*!40000 ALTER TABLE `customer_order` ENABLE KEYS */;
UNLOCK TABLES;

--
-- Table structure for table `customer_order_item`
--

DROP TABLE IF EXISTS `customer_order_item`;
/*!40101 SET @saved_cs_client     = @@character_set_client */;
/*!50503 SET character_set_client = utf8mb4 */;
CREATE TABLE `customer_order_item` (
  `user_order_ID` int NOT NULL,
  `food_ID` int NOT NULL,
  `quantity` int NOT NULL,
  `item_price` decimal(7,2) unsigned DEFAULT '0.00',
  PRIMARY KEY (`user_order_ID`,`food_ID`),
  KEY `fk_user_order_item_user_order_idx` (`user_order_ID`),
  KEY `fk_user_order_item_food_idx` (`food_ID`),
  CONSTRAINT `fk_user_order_item_food` FOREIGN KEY (`food_ID`) REFERENCES `food` (`food_ID`),
  CONSTRAINT `fk_user_order_item_user_order` FOREIGN KEY (`user_order_ID`) REFERENCES `customer_order` (`user_order_ID`) ON DELETE CASCADE ON UPDATE CASCADE
) ENGINE=InnoDB DEFAULT CHARSET=utf8mb4 COLLATE=utf8mb4_0900_ai_ci;
/*!40101 SET character_set_client = @saved_cs_client */;

--
-- Dumping data for table `customer_order_item`
--

LOCK TABLES `customer_order_item` WRITE;
/*!40000 ALTER TABLE `customer_order_item` DISABLE KEYS */;
INSERT INTO `customer_order_item` VALUES (1,4,2,37.86),(1,29,1,6.87),(1,48,5,88.80),(4,78,6,111.06),(4,94,1,14.53),(4,95,7,74.41),(5,32,5,62.85),(6,92,3,85.68),(7,1,5,160.15),(7,24,1,7.13),(7,34,3,87.72),(7,68,3,23.10),(8,45,2,73.84),(8,68,5,38.50),(9,15,8,28.24),(9,47,6,57.60),(10,40,5,157.80),(11,23,6,144.90),(13,2,3,64.89),(14,12,5,8.15),(14,13,4,20.28),(15,48,1,17.76),(16,47,6,57.60),(17,51,2,54.70),(17,83,5,104.35),(18,24,2,14.26),(20,22,4,12.20),(21,62,2,79.16),(21,66,2,78.94),(24,51,7,191.45),(26,42,6,201.24),(26,57,1,15.88),(27,21,7,243.46),(27,57,2,31.76),(27,74,4,154.92),(29,3,6,163.98),(29,27,2,5.34),(30,33,8,250.48),(30,40,3,94.68),(30,90,7,88.97),(32,39,8,21.12),(34,41,5,121.80),(34,75,5,42.95),(35,40,4,126.24),(35,63,5,168.95),(36,8,8,318.24),(38,24,8,57.04),(38,46,8,242.72),(39,58,7,242.55),(39,81,6,118.56),(40,86,7,267.61),(41,20,1,35.91),(42,1,3,96.09),(44,5,5,118.95),(44,84,4,96.60),(44,96,6,16.08),(45,46,7,212.38),(49,95,5,53.15),(50,44,3,81.75),(50,67,8,269.76),(51,10,3,30.24),(51,50,8,294.56),(51,69,3,52.59),(53,14,5,153.40),(56,17,6,71.22),(56,57,4,63.52),(57,26,3,98.10),(57,36,2,49.56),(57,89,5,80.10),(58,18,8,14.40),(58,25,5,18.20),(59,42,3,100.62),(59,86,6,229.38),(59,88,1,22.49),(60,9,8,194.40),(61,15,3,10.59),(61,37,4,73.44),(61,77,6,106.86),(63,64,3,29.43),(63,67,7,236.04),(64,38,4,150.24),(64,59,6,192.06),(65,74,1,38.73),(66,81,7,138.32),(67,9,4,97.20),(70,64,7,68.67),(70,86,4,152.92),(75,1,5,160.15),(77,37,1,18.36),(78,44,6,163.50),(78,46,4,121.36),(79,19,2,46.80),(79,88,4,89.96),(80,14,4,122.72),(80,49,7,21.63),(81,18,4,7.20),(81,96,2,5.36),(82,20,2,71.82),(82,66,5,197.35),(83,46,1,30.34),(83,57,4,63.52),(83,70,3,36.96),(86,32,8,100.56),(86,34,1,29.24),(88,81,4,79.04),(90,48,4,71.04),(94,61,1,6.11),(95,41,2,48.72),(97,30,2,39.76),(97,36,3,74.34),(98,82,3,26.76),(101,85,4,59.24),(102,1,6,192.18),(102,72,3,119.13),(106,83,8,166.96),(109,39,4,10.56),(111,1,5,160.15),(111,56,1,18.70),(111,99,4,68.48),(112,66,1,39.47),(114,53,5,92.40),(115,52,2,16.94),(116,62,1,39.58),(118,9,5,121.50),(118,24,2,14.26),(121,91,6,11.34),(122,31,7,45.64),(122,94,4,58.12),(123,8,1,39.78),(123,40,8,252.48),(123,80,2,62.42),(125,46,4,121.36),(126,99,7,119.84),(127,9,2,48.60),(127,77,5,89.05),(128,65,5,30.60),(128,75,2,17.18),(131,38,3,112.68),(132,21,4,139.12),(134,13,6,30.42),(135,47,5,48.00),(136,30,3,59.64),(136,51,8,218.80),(137,73,7,94.99),(138,6,1,21.35),(140,95,1,10.63),(143,88,8,179.92),(143,98,4,84.28),(144,15,7,24.71),(144,43,5,74.20),(144,79,6,155.58),(145,85,8,118.48),(147,10,6,60.48),(147,66,4,157.88),(147,87,5,8.55),(148,87,8,13.68),(150,47,7,67.20),(150,50,5,184.10),(151,34,1,29.24),(152,46,2,60.68),(153,3,1,27.33),(153,15,8,28.24),(154,42,1,33.54),(155,12,2,3.26),(155,22,3,9.15),(156,31,4,26.08),(156,83,7,146.09),(157,76,3,67.98),(157,88,4,89.96),(158,3,7,191.31),(159,7,3,9.00),(159,91,3,5.67),(160,68,3,23.10),(160,79,8,207.44),(161,17,3,35.61),(161,23,4,96.60),(161,58,6,207.90),(162,48,2,35.52),(163,12,7,11.41),(165,38,2,75.12),(165,83,3,62.61),(165,98,3,63.21),(166,36,4,99.12),(166,83,1,20.87),(167,72,7,277.97),(168,42,4,134.16),(168,47,8,76.80),(168,66,7,276.29),(168,72,2,79.42),(169,20,3,107.73),(170,10,4,40.32),(170,33,4,125.24),(170,64,1,9.81),(171,12,2,3.26),(171,25,3,10.92),(171,35,1,12.87),(171,51,8,218.80),(173,23,4,96.60),(174,40,8,252.48),(174,63,4,135.16),(176,36,3,74.34),(176,65,4,24.48),(178,3,8,218.64),(178,31,1,6.52),(178,60,8,107.28),(178,69,7,122.71),(180,66,7,276.29),(181,78,7,129.57),(182,36,3,74.34),(183,5,7,166.53),(183,72,7,277.97),(184,77,6,106.86),(184,79,6,155.58),(185,61,2,12.22),(187,58,4,138.60),(187,85,3,44.43),(190,24,4,28.52),(190,93,8,75.36),(191,30,1,19.88),(191,43,7,103.88),(191,83,5,104.35),(192,25,6,21.84),(195,41,6,146.16),(196,65,5,30.60),(198,34,4,116.96),(198,55,8,238.24),(198,97,3,26.94),(199,8,1,39.78),(201,61,4,24.44),(202,90,4,50.84),(204,20,2,71.82),(205,92,6,171.36),(209,11,7,75.25),(209,45,8,295.36),(210,99,6,102.72),(214,26,6,196.20),(220,17,1,11.87),(220,38,7,262.92),(220,39,2,5.28),(221,62,6,237.48),(221,63,8,270.32),(222,32,7,87.99),(222,93,1,9.42),(223,64,7,68.67),(226,48,4,71.04),(226,53,4,73.92),(226,54,2,17.88),(226,99,5,85.60),(227,5,5,118.95),(230,43,7,103.88),(232,23,8,193.20),(234,50,8,294.56),(236,52,4,33.88),(236,80,1,31.21),(237,57,4,63.52),(239,48,5,88.80),(240,91,8,15.12),(242,68,5,38.50),(243,64,1,9.81),(243,67,6,202.32),(246,54,4,35.76),(247,14,8,245.44),(249,77,5,89.05),(250,96,1,2.68),(251,6,6,128.10),(251,46,5,151.70),(252,30,8,159.04),(252,54,2,17.88),(252,58,3,103.95),(252,67,3,101.16),(255,13,8,40.56),(255,51,4,109.40),(257,40,8,252.48),(257,67,3,101.16),(257,71,5,62.85),(259,2,6,129.78),(259,68,3,23.10),(260,39,2,5.28),(260,45,1,36.92),(262,9,4,97.20),(262,81,6,118.56),(263,4,6,113.58),(263,8,4,159.12),(263,30,4,79.52),(264,6,8,170.80),(264,45,8,295.36),(264,51,5,136.75),(266,95,2,21.26),(267,20,1,35.91),(267,24,3,21.39);
/*!40000 ALTER TABLE `customer_order_item` ENABLE KEYS */;
UNLOCK TABLES;
/*!50003 SET @saved_cs_client      = @@character_set_client */ ;
/*!50003 SET @saved_cs_results     = @@character_set_results */ ;
/*!50003 SET @saved_col_connection = @@collation_connection */ ;
/*!50003 SET character_set_client  = utf8mb4 */ ;
/*!50003 SET character_set_results = utf8mb4 */ ;
/*!50003 SET collation_connection  = utf8mb4_0900_ai_ci */ ;
/*!50003 SET @saved_sql_mode       = @@sql_mode */ ;
/*!50003 SET sql_mode              = 'STRICT_TRANS_TABLES,NO_ENGINE_SUBSTITUTION' */ ;
DELIMITER ;;
/*!50003 CREATE*/ /*!50017 DEFINER=`root`@`localhost`*/ /*!50003 TRIGGER `customer_order_item_BEFORE_INSERT` BEFORE INSERT ON `customer_order_item` FOR EACH ROW BEGIN
	SET NEW.item_price = 
    (
		SELECT price * NEW.quantity
			FROM food
		WHERE food_ID = NEW.food_ID
        LIMIT 1
	);
END */;;
DELIMITER ;
/*!50003 SET sql_mode              = @saved_sql_mode */ ;
/*!50003 SET character_set_client  = @saved_cs_client */ ;
/*!50003 SET character_set_results = @saved_cs_results */ ;
/*!50003 SET collation_connection  = @saved_col_connection */ ;
/*!50003 SET @saved_cs_client      = @@character_set_client */ ;
/*!50003 SET @saved_cs_results     = @@character_set_results */ ;
/*!50003 SET @saved_col_connection = @@collation_connection */ ;
/*!50003 SET character_set_client  = utf8mb4 */ ;
/*!50003 SET character_set_results = utf8mb4 */ ;
/*!50003 SET collation_connection  = utf8mb4_0900_ai_ci */ ;
/*!50003 SET @saved_sql_mode       = @@sql_mode */ ;
/*!50003 SET sql_mode              = 'STRICT_TRANS_TABLES,NO_ENGINE_SUBSTITUTION' */ ;
DELIMITER ;;
/*!50003 CREATE*/ /*!50017 DEFINER=`root`@`localhost`*/ /*!50003 TRIGGER `customer_order_item_AFTER_INSERT` AFTER INSERT ON `customer_order_item` FOR EACH ROW BEGIN
	UPDATE customer_bill cb
    INNER JOIN customer_order co 
		ON cb.user_bill_ID = co.user_bill_ID
    INNER JOIN customer_order_item coi 
		ON co.user_order_ID = coi.user_order_ID
    SET subtotal = subtotal + NEW.item_price
    WHERE cb.user_bill_ID = (SELECT user_bill_ID FROM customer_order
							 WHERE user_order_ID = NEW.user_order_ID);   
    
END */;;
DELIMITER ;
/*!50003 SET sql_mode              = @saved_sql_mode */ ;
/*!50003 SET character_set_client  = @saved_cs_client */ ;
/*!50003 SET character_set_results = @saved_cs_results */ ;
/*!50003 SET collation_connection  = @saved_col_connection */ ;
/*!50003 SET @saved_cs_client      = @@character_set_client */ ;
/*!50003 SET @saved_cs_results     = @@character_set_results */ ;
/*!50003 SET @saved_col_connection = @@collation_connection */ ;
/*!50003 SET character_set_client  = utf8mb4 */ ;
/*!50003 SET character_set_results = utf8mb4 */ ;
/*!50003 SET collation_connection  = utf8mb4_0900_ai_ci */ ;
/*!50003 SET @saved_sql_mode       = @@sql_mode */ ;
/*!50003 SET sql_mode              = 'STRICT_TRANS_TABLES,NO_ENGINE_SUBSTITUTION' */ ;
DELIMITER ;;
/*!50003 CREATE*/ /*!50017 DEFINER=`root`@`localhost`*/ /*!50003 TRIGGER `customer_order_item_BEFORE_UPDATE` BEFORE UPDATE ON `customer_order_item` FOR EACH ROW BEGIN
	SET NEW.item_price = 
    (
		SELECT price * NEW.quantity
			FROM food
		WHERE food_ID = NEW.food_ID
        LIMIT 1
	);
END */;;
DELIMITER ;
/*!50003 SET sql_mode              = @saved_sql_mode */ ;
/*!50003 SET character_set_client  = @saved_cs_client */ ;
/*!50003 SET character_set_results = @saved_cs_results */ ;
/*!50003 SET collation_connection  = @saved_col_connection */ ;

--
-- Table structure for table `customer_visit`
--

DROP TABLE IF EXISTS `customer_visit`;
/*!40101 SET @saved_cs_client     = @@character_set_client */;
/*!50503 SET character_set_client = utf8mb4 */;
CREATE TABLE `customer_visit` (
  `customer_visit_ID` int NOT NULL AUTO_INCREMENT,
  `customer_ID` int NOT NULL,
  `table_ID` int NOT NULL,
  `date_seated` datetime NOT NULL,
  `date_get_up` datetime DEFAULT NULL,
  `rating_value` int unsigned DEFAULT NULL,
  `rating_comment` varchar(500) DEFAULT NULL,
  PRIMARY KEY (`customer_visit_ID`),
  KEY `fk_visit_customer_idx` (`customer_ID`),
  KEY `fk_local_visit_table` (`table_ID`),
  CONSTRAINT `fk_local_visit_customer` FOREIGN KEY (`customer_ID`) REFERENCES `myapp`.`customer` (`customer_ID`) ON DELETE CASCADE ON UPDATE CASCADE,
  CONSTRAINT `fk_local_visit_table` FOREIGN KEY (`table_ID`) REFERENCES `table` (`table_number`)
) ENGINE=InnoDB AUTO_INCREMENT=201 DEFAULT CHARSET=utf8mb4 COLLATE=utf8mb4_0900_ai_ci;
/*!40101 SET character_set_client = @saved_cs_client */;

--
-- Dumping data for table `customer_visit`
--

LOCK TABLES `customer_visit` WRITE;
/*!40000 ALTER TABLE `customer_visit` DISABLE KEYS */;
INSERT INTO `customer_visit` VALUES (1,98,14,'2020-10-11 22:13:08','2020-05-19 12:50:42',8,'faucibus id, libero. Donec consectetuer mauris id sapien. Cras dolor dolor, tempus non,'),(2,65,2,'2020-05-30 14:48:48','2020-09-12 06:38:15',8,'lacus vestibulum lorem, sit amet ultricies sem magna nec quam. Curabitur vel lectus. Cum sociis natoque penatibus et magnis dis parturient montes, nascetur ridiculus mus. Donec dignissim magna a tortor. Nunc commodo'),(3,17,25,'2020-10-28 19:26:03','2020-10-16 15:09:49',9,'montes, nascetur ridiculus mus. Proin vel nisl. Quisque fringilla euismod enim. Etiam gravida molestie arcu. Sed eu nibh vulputate mauris sagittis placerat. Cras dictum ultricies ligula. Nullam enim.'),(4,3,2,'2021-05-01 13:06:00','2021-03-03 23:32:32',7,'Duis elementum, dui quis accumsan convallis, ante lectus convallis est, vitae sodales nisi magna sed dui. Fusce aliquam, enim nec tempus scelerisque,'),(5,91,30,'2020-07-24 21:12:17','2021-03-26 18:35:55',9,'Phasellus ornare. Fusce mollis. Duis sit amet diam eu dolor egestas rhoncus. Proin nisl sem, consequat nec, mollis vitae, posuere at, velit. Cras lorem lorem, luctus ut, pellentesque'),(6,61,22,'2020-01-10 12:21:54','2021-01-09 15:37:17',4,'Nunc mauris elit, dictum eu, eleifend nec, malesuada ut, sem. Nulla interdum. Curabitur dictum. Phasellus in felis. Nulla tempor augue ac ipsum.'),(7,2,15,'2020-07-16 06:49:37','2021-04-15 18:42:30',4,'vitae risus. Duis a mi fringilla mi lacinia mattis. Integer eu lacus. Quisque imperdiet, erat nonummy ultricies ornare, elit elit fermentum risus, at fringilla purus mauris a nunc. In at pede. Cras vulputate'),(8,29,25,'2021-06-12 04:56:10','2021-06-04 13:51:29',8,'et ipsum cursus vestibulum. Mauris magna. Duis dignissim tempor arcu. Vestibulum ut eros non enim commodo hendrerit. Donec porttitor tellus non'),(9,60,30,'2021-03-16 17:16:54','2021-05-15 13:23:59',5,'nascetur ridiculus mus. Donec dignissim magna a tortor. Nunc commodo auctor velit. Aliquam nisl. Nulla eu neque pellentesque massa lobortis ultrices. Vivamus rhoncus. Donec est. Nunc ullamcorper, velit in aliquet lobortis, nisi nibh'),(10,9,2,'2019-12-29 18:53:56','2021-03-16 04:53:32',2,'scelerisque neque sed sem egestas blandit. Nam nulla magna, malesuada vel, convallis in, cursus et, eros. Proin ultrices. Duis volutpat nunc sit amet metus. Aliquam erat volutpat. Nulla facilisis. Suspendisse commodo tincidunt nibh. Phasellus nulla. Integer vulputate, risus a ultricies adipiscing, enim mi tempor lorem, eget mollis'),(11,81,2,'2021-08-07 09:01:41','2020-04-22 20:58:14',3,'tincidunt tempus risus. Donec egestas. Duis ac arcu. Nunc mauris. Morbi non sapien molestie orci tincidunt adipiscing. Mauris molestie pharetra nibh. Aliquam ornare, libero at'),(12,74,25,'2020-08-15 04:50:53','2021-02-15 13:53:27',1,'Donec elementum, lorem ut aliquam iaculis, lacus pede sagittis augue, eu tempor erat neque non quam. Pellentesque habitant morbi'),(13,10,7,'2021-08-19 09:11:46','2021-06-13 12:09:37',5,'Mauris ut quam vel sapien imperdiet ornare. In faucibus. Morbi vehicula. Pellentesque tincidunt tempus risus.'),(14,17,11,'2021-01-08 12:42:21','2021-09-21 11:27:41',1,'Aliquam ornare, libero at auctor ullamcorper, nisl arcu iaculis enim,'),(15,77,2,'2021-10-10 13:53:49','2021-05-26 10:37:37',9,'volutpat. Nulla facilisis. Suspendisse commodo tincidunt nibh. Phasellus nulla. Integer vulputate, risus a ultricies adipiscing, enim mi tempor lorem, eget mollis'),(16,96,13,'2021-07-26 20:28:09','2020-04-27 04:56:41',1,'vel sapien imperdiet ornare. In faucibus. Morbi vehicula. Pellentesque tincidunt tempus risus. Donec egestas. Duis ac arcu. Nunc mauris. Morbi'),(17,16,23,'2021-08-21 17:35:56','2020-02-22 13:03:09',8,'imperdiet non, vestibulum nec, euismod in, dolor. Fusce feugiat. Lorem ipsum dolor sit amet, consectetuer adipiscing elit. Aliquam auctor, velit eget laoreet posuere, enim'),(18,16,7,'2020-08-27 20:12:24','2020-11-11 05:35:25',8,'Sed nunc est, mollis non, cursus non, egestas a, dui. Cras pellentesque. Sed dictum. Proin eget odio. Aliquam vulputate ullamcorper magna. Sed eu eros. Nam consequat dolor'),(19,16,30,'2021-11-16 01:40:45','2020-02-06 17:19:19',6,'elit, a feugiat tellus lorem eu metus. In lorem. Donec elementum, lorem ut'),(20,54,9,'2020-08-15 20:03:00','2021-01-03 00:26:46',9,'Nunc sed orci lobortis augue scelerisque mollis. Phasellus libero mauris, aliquam eu, accumsan sed,'),(21,63,8,'2020-11-25 13:07:59','2021-01-23 06:28:25',4,'dolor quam, elementum at, egestas a, scelerisque sed, sapien. Nunc pulvinar arcu et pede. Nunc sed orci lobortis augue scelerisque mollis. Phasellus libero mauris, aliquam eu, accumsan sed,'),(22,12,26,'2020-11-12 07:22:10','2020-01-03 15:42:30',7,'odio semper cursus. Integer mollis. Integer tincidunt aliquam arcu. Aliquam ultrices iaculis odio. Nam interdum enim non nisi. Aenean eget metus. In nec orci. Donec nibh. Quisque nonummy ipsum non arcu. Vivamus sit amet risus. Donec egestas. Aliquam nec enim. Nunc'),(23,70,21,'2021-09-25 01:18:05','2020-10-23 22:11:04',3,'nulla magna, malesuada vel, convallis in, cursus et, eros. Proin ultrices. Duis volutpat nunc sit amet metus. Aliquam erat volutpat. Nulla'),(24,60,4,'2019-12-29 17:32:00','2021-02-25 09:47:28',3,'Donec tincidunt. Donec vitae erat vel pede blandit congue. In scelerisque scelerisque dui. Suspendisse ac metus vitae velit egestas lacinia. Sed congue, elit sed consequat auctor, nunc nulla vulputate dui, nec tempus mauris erat eget ipsum. Suspendisse sagittis. Nullam vitae diam. Proin dolor. Nulla semper tellus'),(25,21,11,'2020-09-26 03:39:28','2020-10-19 13:17:59',6,'nibh. Phasellus nulla. Integer vulputate, risus a ultricies adipiscing, enim mi tempor lorem, eget mollis lectus pede et risus. Quisque libero lacus, varius et, euismod et, commodo at, libero. Morbi accumsan laoreet ipsum. Curabitur consequat, lectus sit amet luctus vulputate, nisi sem semper erat,'),(26,26,6,'2020-01-31 02:08:27','2021-08-28 00:19:59',3,'Donec at arcu. Vestibulum ante ipsum primis in faucibus orci luctus et ultrices posuere cubilia Curae; Donec tincidunt. Donec vitae erat vel pede blandit'),(27,20,9,'2021-05-20 18:23:06','2020-03-03 00:24:15',9,'nonummy ut, molestie in, tempus eu, ligula. Aenean euismod mauris eu elit. Nulla facilisi. Sed neque. Sed eget lacus. Mauris non dui nec urna'),(28,2,9,'2020-12-16 09:19:57','2021-05-25 20:40:31',7,'arcu. Curabitur ut odio vel est tempor bibendum. Donec felis orci, adipiscing non, luctus sit amet, faucibus ut, nulla. Cras eu tellus eu augue porttitor interdum. Sed auctor odio a purus. Duis elementum, dui quis accumsan convallis, ante lectus convallis est, vitae sodales nisi magna sed dui. Fusce'),(29,32,2,'2021-07-05 19:11:20','2021-07-25 08:24:27',9,'convallis erat, eget tincidunt dui augue eu tellus. Phasellus elit pede, malesuada vel, venenatis vel, faucibus id,'),(30,29,25,'2021-03-10 14:01:31','2021-10-23 00:09:10',1,'Sed neque. Sed eget lacus. Mauris non dui nec urna suscipit nonummy. Fusce fermentum fermentum arcu. Vestibulum ante ipsum primis in faucibus orci luctus et ultrices posuere cubilia Curae; Phasellus ornare. Fusce mollis. Duis sit amet diam'),(31,43,3,'2020-12-10 23:36:51','2020-04-04 17:15:02',4,'justo. Proin non massa non ante bibendum ullamcorper. Duis cursus, diam at pretium aliquet, metus urna convallis erat, eget tincidunt dui augue eu tellus. Phasellus elit pede, malesuada vel, venenatis vel, faucibus id, libero. Donec consectetuer mauris id sapien. Cras dolor dolor, tempus non, lacinia'),(32,46,7,'2021-03-16 06:58:27','2020-03-24 21:25:43',9,'mauris a nunc. In at pede. Cras vulputate velit eu sem. Pellentesque ut ipsum ac mi eleifend egestas. Sed pharetra, felis eget varius ultrices, mauris ipsum porta elit, a feugiat tellus lorem eu metus.'),(33,28,19,'2020-10-01 22:50:50','2020-06-26 02:22:18',5,'tellus. Nunc lectus pede, ultrices a, auctor non, feugiat nec, diam. Duis mi enim, condimentum eget, volutpat ornare, facilisis eget, ipsum. Donec sollicitudin adipiscing ligula. Aenean gravida nunc sed pede. Cum sociis natoque penatibus et'),(34,19,6,'2021-08-16 12:38:20','2020-04-29 15:48:01',10,'magna. Phasellus dolor elit, pellentesque a, facilisis non, bibendum sed, est. Nunc laoreet lectus quis massa. Mauris vestibulum, neque sed dictum eleifend, nunc risus varius'),(35,27,18,'2021-11-01 19:18:49','2020-12-23 18:21:01',2,'nulla vulputate dui, nec tempus mauris erat eget ipsum. Suspendisse sagittis. Nullam vitae diam. Proin dolor. Nulla semper tellus id nunc interdum feugiat. Sed nec metus facilisis lorem tristique aliquet. Phasellus fermentum convallis ligula. Donec luctus aliquet odio.'),(36,94,17,'2020-09-21 09:11:28','2021-07-07 19:29:18',7,'sociis natoque penatibus et magnis dis parturient montes, nascetur ridiculus mus. Proin vel arcu eu odio tristique pharetra. Quisque ac libero nec ligula consectetuer rhoncus. Nullam velit dui, semper et, lacinia'),(37,24,13,'2021-12-09 09:18:49','2021-01-20 17:29:45',2,'vel est tempor bibendum. Donec felis orci, adipiscing non, luctus sit amet, faucibus ut, nulla. Cras eu tellus eu augue porttitor interdum. Sed auctor odio a purus. Duis elementum, dui quis accumsan convallis, ante lectus convallis'),(38,87,19,'2020-07-24 05:07:57','2020-03-21 19:39:33',10,'accumsan neque et nunc. Quisque ornare tortor at risus. Nunc ac sem ut dolor dapibus gravida. Aliquam tincidunt, nunc ac'),(39,86,7,'2020-12-12 20:08:00','2020-04-11 06:28:21',3,'adipiscing lacus. Ut nec urna et arcu imperdiet ullamcorper. Duis at lacus. Quisque purus sapien, gravida non, sollicitudin a, malesuada id, erat.'),(40,27,26,'2020-12-28 11:51:10','2020-05-31 19:30:03',5,'tortor. Nunc commodo auctor velit. Aliquam nisl. Nulla eu neque pellentesque massa lobortis ultrices. Vivamus rhoncus. Donec est.'),(41,32,3,'2021-01-02 06:53:02','2021-12-01 20:36:27',7,'Donec felis orci, adipiscing non, luctus sit amet, faucibus ut, nulla. Cras eu tellus eu augue porttitor interdum. Sed auctor odio a purus. Duis elementum, dui quis accumsan convallis, ante lectus convallis est, vitae sodales nisi magna sed dui. Fusce'),(42,85,22,'2021-03-05 18:43:49','2020-01-27 03:25:43',9,'ante ipsum primis in faucibus orci luctus et ultrices posuere cubilia Curae; Donec tincidunt. Donec vitae erat vel pede blandit congue. In scelerisque scelerisque dui. Suspendisse ac metus vitae velit egestas lacinia. Sed congue, elit sed consequat auctor, nunc nulla vulputate'),(43,93,3,'2021-07-20 00:06:55','2020-09-06 10:40:23',6,'ipsum leo elementum sem, vitae aliquam eros turpis non enim. Mauris quis turpis vitae'),(44,63,7,'2021-01-25 03:58:13','2021-10-20 23:51:23',4,'lorem semper auctor. Mauris vel turpis. Aliquam adipiscing lobortis risus. In mi pede, nonummy ut, molestie'),(45,41,26,'2020-06-19 20:15:40','2020-12-31 23:24:30',6,'tristique senectus et netus et malesuada fames ac turpis egestas. Fusce aliquet magna a neque. Nullam ut nisi a odio semper cursus. Integer mollis. Integer tincidunt aliquam'),(46,59,26,'2021-04-21 03:44:00','2020-09-28 14:14:55',10,'molestie tortor nibh sit amet orci. Ut sagittis lobortis mauris. Suspendisse aliquet molestie tellus. Aenean egestas hendrerit'),(47,96,2,'2020-02-01 12:46:01','2021-09-10 22:47:10',7,'In at pede. Cras vulputate velit eu sem. Pellentesque ut ipsum ac mi eleifend egestas. Sed pharetra, felis eget varius ultrices, mauris ipsum porta elit, a feugiat tellus lorem eu metus. In lorem. Donec elementum, lorem'),(48,11,27,'2021-08-04 16:14:06','2021-03-29 04:29:44',6,'Nunc mauris. Morbi non sapien molestie orci tincidunt adipiscing. Mauris molestie pharetra nibh. Aliquam ornare, libero at auctor ullamcorper, nisl arcu iaculis enim, sit'),(49,66,24,'2021-11-03 07:43:42','2021-06-29 17:27:40',8,'tempor bibendum. Donec felis orci, adipiscing non, luctus sit amet, faucibus ut, nulla. Cras eu tellus eu augue porttitor interdum.'),(50,37,15,'2020-03-26 04:00:43','2021-05-07 08:29:44',8,'id enim. Curabitur massa. Vestibulum accumsan neque et nunc. Quisque ornare tortor at risus. Nunc ac sem ut dolor dapibus gravida. Aliquam tincidunt, nunc ac mattis ornare, lectus ante dictum mi, ac mattis velit justo nec ante. Maecenas mi felis, adipiscing fringilla, porttitor vulputate, posuere vulputate, lacus. Cras interdum.'),(51,60,18,'2021-02-02 20:03:25','2021-01-12 22:47:10',7,'urna. Vivamus molestie dapibus ligula. Aliquam erat volutpat. Nulla dignissim. Maecenas ornare egestas ligula. Nullam feugiat placerat velit. Quisque'),(52,1,29,'2020-11-10 21:38:41','2020-02-02 03:24:36',6,'ipsum cursus vestibulum. Mauris magna. Duis dignissim tempor arcu. Vestibulum ut eros non enim commodo hendrerit. Donec porttitor tellus'),(53,5,11,'2021-12-18 22:38:48','2020-06-05 04:46:07',5,'dis parturient montes, nascetur ridiculus mus. Proin vel arcu eu odio tristique pharetra. Quisque ac libero nec ligula consectetuer rhoncus.'),(54,74,6,'2020-12-28 03:12:47','2020-04-11 07:36:54',2,'ut, nulla. Cras eu tellus eu augue porttitor interdum. Sed auctor odio a purus. Duis elementum, dui quis accumsan convallis, ante lectus convallis est, vitae sodales nisi magna sed dui. Fusce aliquam, enim nec tempus scelerisque, lorem ipsum sodales purus, in molestie tortor nibh sit amet orci. Ut sagittis'),(55,63,24,'2021-09-21 17:54:38','2021-05-10 23:32:27',2,'In faucibus. Morbi vehicula. Pellentesque tincidunt tempus risus. Donec egestas. Duis ac arcu. Nunc mauris. Morbi non sapien molestie orci tincidunt adipiscing. Mauris molestie pharetra nibh. Aliquam ornare, libero at auctor ullamcorper, nisl arcu iaculis enim, sit amet ornare lectus justo eu arcu. Morbi sit amet massa.'),(56,9,16,'2021-01-11 10:35:48','2021-11-14 02:42:01',1,'vulputate dui, nec tempus mauris erat eget ipsum. Suspendisse sagittis. Nullam vitae diam. Proin'),(57,76,9,'2021-03-20 14:30:03','2021-07-09 03:16:00',6,'ipsum. Phasellus vitae mauris sit amet lorem semper auctor. Mauris vel turpis. Aliquam adipiscing lobortis risus. In mi pede, nonummy ut, molestie in, tempus eu, ligula. Aenean euismod mauris eu elit. Nulla facilisi. Sed neque. Sed eget lacus. Mauris non dui nec urna suscipit nonummy. Fusce fermentum fermentum arcu. Vestibulum'),(58,4,8,'2021-12-15 01:34:24','2021-11-15 12:58:16',3,'tempus risus. Donec egestas. Duis ac arcu. Nunc mauris. Morbi non sapien molestie orci tincidunt adipiscing. Mauris molestie pharetra nibh. Aliquam ornare, libero at auctor ullamcorper, nisl arcu iaculis enim, sit amet ornare lectus justo eu arcu. Morbi sit amet massa. Quisque porttitor'),(59,15,5,'2020-04-28 22:41:57','2021-08-15 01:25:12',10,'Praesent eu dui. Cum sociis natoque penatibus et magnis dis parturient montes, nascetur ridiculus mus. Aenean eget magna. Suspendisse tristique neque venenatis lacus. Etiam bibendum fermentum metus. Aenean sed pede nec ante'),(60,39,1,'2020-03-26 09:21:10','2021-05-30 09:41:05',5,'vitae sodales nisi magna sed dui. Fusce aliquam, enim nec tempus scelerisque, lorem ipsum sodales purus, in molestie tortor nibh sit amet orci. Ut sagittis lobortis mauris. Suspendisse aliquet molestie tellus. Aenean egestas hendrerit neque. In ornare sagittis felis. Donec tempor, est ac mattis semper,'),(61,7,28,'2021-10-07 02:12:27','2021-07-16 04:57:56',5,'molestie. Sed id risus quis diam luctus lobortis. Class aptent taciti sociosqu ad litora torquent per conubia'),(62,65,25,'2020-09-10 16:29:56','2021-11-21 19:01:25',9,'viverra. Maecenas iaculis aliquet diam. Sed diam lorem, auctor quis, tristique ac, eleifend vitae, erat. Vivamus nisi. Mauris nulla. Integer urna. Vivamus molestie dapibus ligula. Aliquam erat volutpat. Nulla dignissim.'),(63,86,25,'2020-07-13 14:19:50','2020-10-20 22:04:54',9,'non quam. Pellentesque habitant morbi tristique senectus et netus et malesuada fames ac turpis egestas. Aliquam fringilla cursus purus. Nullam'),(64,51,1,'2021-11-21 01:39:43','2021-07-19 05:50:26',7,'mi lorem, vehicula et, rutrum eu, ultrices sit amet, risus. Donec nibh enim, gravida sit amet, dapibus id, blandit at, nisi. Cum sociis natoque penatibus et magnis dis parturient montes,'),(65,6,17,'2020-03-10 01:03:09','2021-11-13 12:54:28',9,'Quisque ac libero nec ligula consectetuer rhoncus. Nullam velit dui, semper et, lacinia vitae, sodales at,'),(66,27,1,'2020-05-20 19:05:26','2021-05-25 13:11:31',8,'lobortis, nisi nibh lacinia orci, consectetuer euismod est arcu ac orci. Ut semper pretium neque. Morbi quis urna. Nunc quis arcu vel quam dignissim pharetra. Nam ac nulla. In tincidunt congue turpis. In condimentum.'),(67,71,6,'2020-10-09 09:33:06','2020-07-12 15:53:22',4,'Aliquam nec enim. Nunc ut erat. Sed nunc est, mollis non, cursus non, egestas a, dui.'),(68,61,10,'2020-03-06 18:55:12','2021-12-12 23:29:29',1,'tellus faucibus leo, in lobortis tellus justo sit amet nulla. Donec non justo. Proin non massa non ante bibendum ullamcorper. Duis cursus, diam at pretium aliquet, metus urna convallis erat, eget tincidunt dui augue eu tellus. Phasellus elit pede, malesuada vel, venenatis vel, faucibus'),(69,67,19,'2020-01-27 17:20:57','2020-04-05 09:46:45',9,'erat vel pede blandit congue. In scelerisque scelerisque dui. Suspendisse ac metus vitae velit egestas lacinia.'),(70,63,2,'2021-11-12 20:21:53','2020-02-08 22:01:01',3,'vehicula et, rutrum eu, ultrices sit amet, risus. Donec nibh enim, gravida sit amet, dapibus id, blandit at, nisi. Cum sociis natoque penatibus et magnis dis parturient montes, nascetur ridiculus mus. Proin vel nisl. Quisque fringilla euismod enim. Etiam gravida molestie arcu. Sed eu nibh vulputate mauris'),(71,25,8,'2019-12-23 11:35:34','2021-10-24 20:35:33',5,'malesuada malesuada. Integer id magna et ipsum cursus vestibulum. Mauris magna. Duis dignissim tempor arcu.'),(72,95,9,'2020-08-19 22:39:32','2020-04-27 07:22:29',2,'purus, in molestie tortor nibh sit amet orci. Ut sagittis lobortis mauris. Suspendisse aliquet molestie tellus. Aenean egestas hendrerit neque. In ornare sagittis felis. Donec tempor, est ac mattis semper, dui lectus rutrum urna, nec luctus felis purus'),(73,24,15,'2020-12-20 04:32:42','2020-10-19 21:32:39',9,'volutpat ornare, facilisis eget, ipsum. Donec sollicitudin adipiscing ligula. Aenean gravida nunc sed pede. Cum sociis natoque penatibus et magnis dis parturient montes, nascetur ridiculus mus. Proin vel arcu eu odio tristique'),(74,16,20,'2021-03-22 03:01:11','2021-08-28 11:30:10',4,'sem. Pellentesque ut ipsum ac mi eleifend egestas. Sed pharetra, felis eget varius ultrices, mauris ipsum porta elit, a feugiat tellus lorem eu metus. In lorem. Donec elementum, lorem ut aliquam iaculis, lacus pede sagittis augue, eu tempor erat neque non quam. Pellentesque habitant morbi tristique senectus et netus et'),(75,3,18,'2021-05-17 06:17:14','2020-04-28 01:19:08',7,'dui quis accumsan convallis, ante lectus convallis est, vitae sodales nisi magna sed dui. Fusce aliquam, enim nec tempus scelerisque, lorem ipsum sodales purus, in molestie tortor nibh sit amet orci. Ut sagittis lobortis mauris. Suspendisse aliquet molestie tellus. Aenean egestas hendrerit neque. In ornare sagittis felis.'),(76,69,30,'2021-06-22 01:31:10','2021-01-30 03:28:29',4,'est. Nunc laoreet lectus quis massa. Mauris vestibulum, neque sed dictum eleifend, nunc risus varius orci, in consequat enim diam vel arcu. Curabitur ut odio vel est tempor bibendum. Donec felis orci, adipiscing non, luctus sit amet, faucibus ut, nulla. Cras eu tellus eu augue'),(77,35,29,'2021-04-15 13:56:02','2021-11-22 15:08:23',8,'at augue id ante dictum cursus. Nunc mauris elit, dictum eu, eleifend nec, malesuada ut, sem. Nulla interdum. Curabitur dictum. Phasellus in felis. Nulla tempor augue ac ipsum. Phasellus'),(78,13,15,'2020-05-17 15:08:36','2020-08-14 01:15:10',6,'nibh. Phasellus nulla. Integer vulputate, risus a ultricies adipiscing, enim mi tempor lorem, eget mollis lectus pede et risus.'),(79,58,2,'2021-03-04 11:54:25','2020-04-13 02:25:13',8,'vitae diam. Proin dolor. Nulla semper tellus id nunc interdum feugiat. Sed'),(80,77,10,'2021-02-25 08:46:39','2020-07-20 05:59:22',8,'mauris. Integer sem elit, pharetra ut, pharetra sed, hendrerit a, arcu. Sed et libero. Proin mi. Aliquam gravida mauris ut mi. Duis risus odio, auctor vitae, aliquet nec, imperdiet nec, leo. Morbi neque tellus, imperdiet non, vestibulum nec, euismod in, dolor.'),(81,55,24,'2020-06-06 11:16:09','2021-03-22 10:50:50',7,'Aliquam nisl. Nulla eu neque pellentesque massa lobortis ultrices. Vivamus rhoncus. Donec est. Nunc ullamcorper, velit in aliquet lobortis, nisi nibh lacinia orci, consectetuer euismod est arcu ac orci. Ut semper pretium neque. Morbi quis urna. Nunc quis arcu vel quam'),(82,54,4,'2020-07-16 15:50:40','2020-11-14 22:01:21',3,'non magna. Nam ligula elit, pretium et, rutrum non, hendrerit id,'),(83,75,12,'2021-03-03 22:00:54','2020-01-01 21:22:08',9,'a, aliquet vel, vulputate eu, odio. Phasellus at augue id ante dictum cursus. Nunc mauris elit, dictum eu, eleifend nec, malesuada ut, sem. Nulla interdum. Curabitur dictum. Phasellus in felis. Nulla tempor augue ac ipsum. Phasellus vitae'),(84,25,16,'2021-03-30 22:06:04','2021-11-25 18:07:38',7,'vulputate, risus a ultricies adipiscing, enim mi tempor lorem, eget mollis lectus pede et risus. Quisque libero lacus, varius et, euismod et, commodo at, libero. Morbi accumsan laoreet ipsum. Curabitur consequat, lectus sit amet'),(85,51,22,'2020-01-09 15:27:28','2021-10-16 13:47:25',3,'id sapien. Cras dolor dolor, tempus non, lacinia at, iaculis quis, pede. Praesent eu dui. Cum sociis natoque penatibus et magnis dis parturient montes, nascetur ridiculus mus. Aenean eget magna.'),(86,26,28,'2021-05-12 02:07:23','2020-02-28 06:50:04',1,'pretium aliquet, metus urna convallis erat, eget tincidunt dui augue eu tellus. Phasellus elit pede, malesuada vel, venenatis vel, faucibus id, libero. Donec consectetuer mauris id sapien. Cras dolor dolor, tempus non, lacinia at, iaculis'),(87,27,30,'2020-05-06 11:33:33','2021-11-26 03:04:51',4,'Donec luctus aliquet odio. Etiam ligula tortor, dictum eu, placerat eget, venenatis a, magna. Lorem ipsum dolor sit'),(88,42,20,'2021-09-29 08:11:40','2021-09-28 02:32:49',2,'cursus luctus, ipsum leo elementum sem, vitae aliquam eros turpis non enim. Mauris quis turpis vitae purus gravida sagittis. Duis gravida. Praesent eu nulla at sem molestie sodales. Mauris blandit enim consequat purus. Maecenas libero est, congue a, aliquet vel, vulputate eu, odio. Phasellus at augue id'),(89,77,5,'2020-04-07 00:38:27','2020-08-07 05:55:18',5,'nisi. Aenean eget metus. In nec orci. Donec nibh. Quisque nonummy ipsum non arcu. Vivamus sit amet risus. Donec egestas. Aliquam nec enim. Nunc ut erat. Sed'),(90,20,9,'2021-01-29 09:49:10','2020-08-20 06:59:30',2,'ut, molestie in, tempus eu, ligula. Aenean euismod mauris eu elit. Nulla facilisi. Sed neque. Sed eget lacus. Mauris non dui nec urna suscipit nonummy. Fusce fermentum fermentum arcu. Vestibulum ante'),(91,76,13,'2021-11-13 23:15:55','2021-02-09 07:14:11',9,'metus vitae velit egestas lacinia. Sed congue, elit sed consequat auctor, nunc nulla vulputate'),(92,19,23,'2021-10-06 21:07:55','2021-05-14 15:25:41',7,'placerat. Cras dictum ultricies ligula. Nullam enim. Sed nulla ante, iaculis nec, eleifend non, dapibus rutrum, justo. Praesent luctus. Curabitur egestas nunc sed libero. Proin sed turpis nec'),(93,9,19,'2021-08-27 01:27:56','2021-03-12 07:42:17',5,'vel lectus. Cum sociis natoque penatibus et magnis dis parturient montes, nascetur ridiculus mus. Donec dignissim magna a tortor. Nunc commodo auctor velit. Aliquam nisl. Nulla eu neque pellentesque massa lobortis ultrices. Vivamus rhoncus. Donec est. Nunc ullamcorper, velit in aliquet lobortis, nisi nibh lacinia'),(94,98,13,'2021-09-23 02:25:57','2021-03-24 15:06:25',9,'ac mattis semper, dui lectus rutrum urna, nec luctus felis purus ac tellus. Suspendisse sed dolor. Fusce mi lorem, vehicula et, rutrum eu, ultrices sit amet, risus. Donec nibh enim, gravida sit amet, dapibus id, blandit at, nisi. Cum sociis natoque penatibus et magnis dis parturient montes, nascetur ridiculus mus.'),(95,58,22,'2020-08-27 23:38:06','2021-08-14 09:55:55',8,'quam. Curabitur vel lectus. Cum sociis natoque penatibus et magnis'),(96,37,25,'2020-04-26 10:16:26','2021-05-25 17:19:45',3,'blandit viverra. Donec tempus, lorem fringilla ornare placerat, orci lacus vestibulum lorem, sit amet ultricies sem magna nec quam. Curabitur vel lectus. Cum sociis natoque penatibus et magnis dis parturient montes, nascetur ridiculus mus. Donec dignissim magna a tortor. Nunc commodo auctor velit. Aliquam nisl. Nulla eu neque pellentesque massa'),(97,71,16,'2020-01-13 06:55:50','2020-11-23 05:15:37',5,'erat vel pede blandit congue. In scelerisque scelerisque dui. Suspendisse ac metus vitae velit egestas lacinia. Sed congue, elit sed consequat auctor, nunc nulla vulputate dui, nec tempus mauris erat'),(98,59,27,'2020-10-08 10:51:56','2020-01-09 13:20:33',2,'Ut sagittis lobortis mauris. Suspendisse aliquet molestie tellus. Aenean egestas hendrerit neque. In ornare sagittis felis. Donec tempor, est ac mattis semper, dui lectus rutrum urna, nec luctus felis purus ac tellus. Suspendisse sed dolor. Fusce mi lorem, vehicula et, rutrum eu, ultrices sit amet, risus.'),(99,2,16,'2021-10-23 15:07:04','2021-12-14 08:19:30',2,'eu, euismod ac, fermentum vel, mauris. Integer sem elit, pharetra ut, pharetra sed, hendrerit a,'),(100,48,3,'2020-07-25 20:26:15','2020-09-27 10:56:02',9,'fermentum convallis ligula. Donec luctus aliquet odio. Etiam ligula tortor, dictum eu, placerat eget, venenatis a, magna.'),(101,25,8,'2020-05-18 18:05:22','2020-07-05 09:04:05',2,'ipsum primis in faucibus orci luctus et ultrices posuere cubilia Curae; Donec tincidunt. Donec vitae erat vel pede blandit congue. In scelerisque scelerisque dui. Suspendisse ac metus vitae velit egestas lacinia. Sed congue, elit sed consequat auctor, nunc nulla vulputate dui, nec tempus'),(102,60,29,'2020-01-31 11:24:24','2021-05-10 19:20:40',3,'Suspendisse non leo. Vivamus nibh dolor, nonummy ac, feugiat non, lobortis quis, pede. Suspendisse dui. Fusce diam nunc, ullamcorper eu, euismod ac, fermentum vel, mauris. Integer sem elit, pharetra ut, pharetra sed, hendrerit a, arcu. Sed et libero. Proin mi. Aliquam gravida mauris ut mi. Duis risus'),(103,5,2,'2020-07-06 15:47:04','2020-05-07 04:54:55',8,'et, magna. Praesent interdum ligula eu enim. Etiam imperdiet dictum magna. Ut tincidunt orci quis lectus. Nullam suscipit, est ac facilisis facilisis,'),(104,1,3,'2021-05-24 07:30:52','2021-09-15 16:15:27',8,'mi eleifend egestas. Sed pharetra, felis eget varius ultrices, mauris ipsum porta elit, a feugiat tellus lorem'),(105,4,1,'2021-04-27 09:04:36','2021-05-03 04:58:17',4,'erat nonummy ultricies ornare, elit elit fermentum risus, at fringilla purus mauris a nunc. In at pede. Cras vulputate velit eu sem. Pellentesque ut ipsum ac mi eleifend egestas. Sed pharetra, felis'),(106,99,25,'2021-04-02 09:08:46','2020-10-20 07:05:55',8,'Mauris nulla. Integer urna. Vivamus molestie dapibus ligula. Aliquam erat volutpat. Nulla dignissim. Maecenas'),(107,19,17,'2021-08-09 12:13:00','2021-07-11 18:57:32',10,'eu metus. In lorem. Donec elementum, lorem ut aliquam iaculis, lacus pede sagittis augue, eu tempor erat neque non quam. Pellentesque habitant morbi tristique senectus et netus et'),(108,69,2,'2020-04-21 08:17:04','2021-06-26 04:21:06',7,'molestie sodales. Mauris blandit enim consequat purus. Maecenas libero est, congue a, aliquet vel, vulputate eu, odio. Phasellus at augue id ante dictum cursus. Nunc mauris elit, dictum eu, eleifend nec,'),(109,41,17,'2021-09-28 15:56:02','2021-03-04 01:25:33',2,'nec metus facilisis lorem tristique aliquet. Phasellus fermentum convallis ligula. Donec luctus'),(110,92,15,'2021-02-16 11:10:16','2020-04-04 19:50:57',9,'orci luctus et ultrices posuere cubilia Curae; Donec tincidunt. Donec vitae erat vel pede blandit congue. In scelerisque scelerisque dui. Suspendisse ac metus vitae velit egestas lacinia.'),(111,55,19,'2021-10-06 13:47:12','2020-02-16 12:13:51',3,'Nunc commodo auctor velit. Aliquam nisl. Nulla eu neque pellentesque massa lobortis ultrices. Vivamus rhoncus. Donec est. Nunc ullamcorper, velit in aliquet lobortis, nisi nibh lacinia orci, consectetuer euismod est arcu ac orci. Ut semper pretium neque. Morbi quis urna.'),(112,34,26,'2021-02-21 03:35:27','2021-08-11 00:24:08',5,'Quisque purus sapien, gravida non, sollicitudin a, malesuada id, erat.'),(113,52,11,'2021-01-03 17:34:00','2020-04-21 20:27:40',6,'egestas. Duis ac arcu. Nunc mauris. Morbi non sapien molestie orci tincidunt adipiscing. Mauris molestie pharetra nibh. Aliquam'),(114,52,17,'2020-08-03 15:39:30','2020-01-23 08:12:32',3,'rhoncus. Proin nisl sem, consequat nec, mollis vitae, posuere at, velit. Cras lorem lorem, luctus ut, pellentesque eget, dictum placerat,'),(115,13,17,'2021-01-05 01:27:46','2020-11-13 21:24:35',6,'in aliquet lobortis, nisi nibh lacinia orci, consectetuer euismod est arcu ac orci. Ut'),(116,3,19,'2021-10-30 22:21:09','2021-09-04 20:10:24',4,'hendrerit id, ante. Nunc mauris sapien, cursus in, hendrerit consectetuer, cursus et, magna. Praesent interdum ligula eu enim. Etiam imperdiet dictum magna. Ut tincidunt orci quis lectus. Nullam suscipit, est ac facilisis facilisis, magna tellus faucibus leo, in lobortis tellus justo sit amet nulla. Donec non'),(117,60,18,'2020-12-14 22:10:49','2021-09-21 10:44:06',6,'elit. Nulla facilisi. Sed neque. Sed eget lacus. Mauris non dui nec urna suscipit nonummy. Fusce fermentum fermentum'),(118,90,9,'2021-09-20 11:23:07','2021-06-14 18:33:15',2,'iaculis odio. Nam interdum enim non nisi. Aenean eget metus. In nec orci. Donec nibh. Quisque nonummy ipsum non arcu. Vivamus sit amet risus. Donec egestas. Aliquam nec enim. Nunc ut erat. Sed nunc est, mollis non, cursus non, egestas a, dui. Cras pellentesque. Sed dictum. Proin eget'),(119,87,16,'2020-05-05 05:10:39','2021-04-26 03:00:01',6,'non sapien molestie orci tincidunt adipiscing. Mauris molestie pharetra nibh. Aliquam ornare, libero at auctor ullamcorper, nisl arcu iaculis'),(120,7,20,'2021-06-22 05:59:09','2020-08-28 13:12:47',6,'non enim commodo hendrerit. Donec porttitor tellus non magna. Nam ligula elit, pretium et, rutrum non, hendrerit id, ante. Nunc mauris sapien, cursus in,'),(121,47,10,'2020-07-09 16:54:49','2020-10-09 09:06:11',9,'lacus. Ut nec urna et arcu imperdiet ullamcorper. Duis at lacus. Quisque purus sapien, gravida non, sollicitudin a, malesuada id, erat. Etiam vestibulum'),(122,5,1,'2021-12-01 23:43:17','2020-11-25 01:27:09',1,'Phasellus dolor elit, pellentesque a, facilisis non, bibendum sed, est. Nunc laoreet lectus quis massa. Mauris vestibulum, neque sed dictum eleifend, nunc risus varius orci, in consequat enim diam vel arcu. Curabitur ut odio vel est tempor bibendum. Donec felis orci, adipiscing non, luctus sit amet,'),(123,84,9,'2020-04-28 12:09:31','2021-12-12 00:08:46',9,'vestibulum massa rutrum magna. Cras convallis convallis dolor. Quisque tincidunt pede ac urna.'),(124,58,17,'2021-05-16 05:20:02','2021-04-21 09:42:36',3,'eleifend vitae, erat. Vivamus nisi. Mauris nulla. Integer urna. Vivamus molestie dapibus ligula. Aliquam erat volutpat. Nulla dignissim. Maecenas ornare egestas ligula. Nullam feugiat placerat velit. Quisque varius. Nam porttitor scelerisque neque. Nullam nisl. Maecenas malesuada fringilla est. Mauris eu turpis. Nulla aliquet. Proin velit. Sed'),(125,26,21,'2020-05-12 19:59:30','2021-12-13 16:28:33',3,'magna tellus faucibus leo, in lobortis tellus justo sit amet nulla. Donec non justo. Proin non massa non ante bibendum ullamcorper. Duis cursus, diam at pretium'),(126,100,5,'2020-01-10 00:12:42','2021-12-22 21:46:39',7,'feugiat tellus lorem eu metus. In lorem. Donec elementum, lorem ut aliquam iaculis, lacus pede sagittis augue, eu tempor erat neque non quam. Pellentesque habitant morbi tristique senectus et netus et malesuada fames ac turpis egestas. Aliquam fringilla cursus purus. Nullam scelerisque'),(127,83,4,'2021-05-17 10:49:43','2021-02-07 08:40:57',1,'arcu. Vestibulum ante ipsum primis in faucibus orci luctus et ultrices posuere cubilia Curae; Phasellus ornare. Fusce mollis. Duis sit amet diam eu dolor egestas rhoncus. Proin nisl sem,'),(128,44,25,'2021-11-26 03:47:39','2020-02-15 05:25:43',4,'id enim. Curabitur massa. Vestibulum accumsan neque et nunc. Quisque ornare tortor at risus. Nunc ac sem ut dolor dapibus gravida. Aliquam tincidunt, nunc ac mattis ornare, lectus ante dictum mi, ac mattis velit justo nec ante. Maecenas'),(129,25,29,'2021-04-30 09:37:30','2021-10-14 05:20:12',1,'cursus. Integer mollis. Integer tincidunt aliquam arcu. Aliquam ultrices iaculis'),(130,60,5,'2021-01-02 08:38:41','2020-07-13 00:43:13',2,'tortor. Nunc commodo auctor velit. Aliquam nisl. Nulla eu neque pellentesque massa lobortis ultrices. Vivamus rhoncus. Donec est. Nunc ullamcorper, velit in aliquet lobortis, nisi nibh lacinia orci, consectetuer euismod est arcu ac orci. Ut semper pretium'),(131,75,21,'2020-11-17 23:09:04','2021-04-10 11:16:04',4,'mollis dui, in sodales elit erat vitae risus. Duis a mi fringilla mi lacinia mattis.'),(132,63,3,'2021-06-24 00:47:45','2020-05-17 08:20:30',10,'ullamcorper, nisl arcu iaculis enim, sit amet ornare lectus justo eu arcu. Morbi sit amet massa. Quisque porttitor'),(133,54,22,'2021-09-08 07:36:52','2020-06-14 19:26:40',6,'amet ultricies sem magna nec quam. Curabitur vel lectus. Cum sociis'),(134,48,8,'2021-02-10 15:31:52','2021-09-02 16:04:06',1,'lobortis, nisi nibh lacinia orci, consectetuer euismod est arcu ac orci. Ut semper pretium neque. Morbi quis urna. Nunc quis arcu vel quam dignissim pharetra. Nam ac nulla. In tincidunt congue turpis. In condimentum. Donec at arcu. Vestibulum ante ipsum primis in faucibus orci'),(135,79,10,'2020-07-29 10:19:49','2020-12-05 23:16:40',9,'Morbi quis urna. Nunc quis arcu vel quam dignissim pharetra. Nam ac nulla. In tincidunt congue turpis. In condimentum. Donec at arcu. Vestibulum ante ipsum primis in faucibus orci luctus et'),(136,36,22,'2020-04-23 07:38:47','2020-05-06 09:52:39',2,'tellus lorem eu metus. In lorem. Donec elementum, lorem ut aliquam iaculis, lacus pede sagittis augue, eu tempor erat neque non quam. Pellentesque habitant morbi tristique senectus et netus et'),(137,35,9,'2020-10-15 22:38:44','2020-01-12 22:20:57',2,'leo, in lobortis tellus justo sit amet nulla. Donec non justo. Proin non massa non ante bibendum ullamcorper. Duis cursus, diam at pretium aliquet, metus urna convallis erat, eget tincidunt dui'),(138,93,2,'2021-09-23 16:51:16','2021-03-04 06:10:00',8,'tellus justo sit amet nulla. Donec non justo. Proin non'),(139,76,6,'2021-11-30 17:39:10','2021-02-14 15:29:14',1,'sociosqu ad litora torquent per conubia nostra, per inceptos hymenaeos. Mauris ut quam vel sapien imperdiet ornare. In faucibus. Morbi vehicula. Pellentesque tincidunt tempus risus. Donec egestas. Duis ac arcu. Nunc mauris. Morbi'),(140,42,3,'2021-02-04 13:59:27','2020-02-11 20:42:03',2,'diam luctus lobortis. Class aptent taciti sociosqu ad litora torquent per conubia'),(141,5,23,'2021-06-11 23:51:39','2021-05-17 05:07:56',1,'orci sem eget massa. Suspendisse eleifend. Cras sed leo. Cras'),(142,68,20,'2021-03-11 22:11:16','2020-02-10 20:23:00',1,'augue ut lacus. Nulla tincidunt, neque vitae semper egestas, urna justo faucibus lectus, a sollicitudin orci sem eget massa. Suspendisse eleifend. Cras sed leo. Cras vehicula aliquet libero. Integer in magna. Phasellus dolor elit, pellentesque a,'),(143,11,20,'2020-02-17 08:49:43','2020-01-18 05:00:33',7,'fames ac turpis egestas. Aliquam fringilla cursus purus. Nullam scelerisque neque sed sem egestas blandit. Nam nulla magna, malesuada vel, convallis in, cursus et, eros. Proin ultrices. Duis volutpat nunc sit amet metus. Aliquam erat volutpat. Nulla facilisis. Suspendisse commodo tincidunt nibh. Phasellus nulla. Integer vulputate, risus a ultricies'),(144,15,19,'2020-05-04 09:59:41','2021-09-19 19:47:03',6,'magna tellus faucibus leo, in lobortis tellus justo sit amet nulla. Donec non justo. Proin non massa non'),(145,86,2,'2021-06-12 14:46:33','2020-05-22 10:26:09',1,'luctus sit amet, faucibus ut, nulla. Cras eu tellus eu augue porttitor interdum. Sed auctor odio a purus. Duis elementum, dui quis accumsan convallis, ante lectus convallis est, vitae sodales nisi magna sed dui. Fusce aliquam, enim nec tempus scelerisque, lorem ipsum sodales purus, in'),(146,70,13,'2021-06-27 05:24:16','2021-05-16 00:28:05',5,'vel, vulputate eu, odio. Phasellus at augue id ante dictum cursus. Nunc mauris elit, dictum eu, eleifend nec, malesuada ut, sem. Nulla interdum. Curabitur dictum. Phasellus in felis.'),(147,90,12,'2021-05-01 00:47:57','2021-09-27 19:54:13',8,'dictum cursus. Nunc mauris elit, dictum eu, eleifend nec, malesuada ut, sem. Nulla interdum. Curabitur dictum. Phasellus in felis. Nulla tempor augue ac ipsum. Phasellus vitae mauris sit amet lorem semper auctor. Mauris vel turpis. Aliquam adipiscing lobortis risus. In mi pede, nonummy ut, molestie in, tempus eu,'),(148,87,28,'2021-01-03 14:27:00','2020-05-23 23:58:31',2,'augue, eu tempor erat neque non quam. Pellentesque habitant morbi tristique'),(149,100,14,'2021-09-12 08:28:27','2021-06-24 07:54:00',10,'sit amet, consectetuer adipiscing elit. Curabitur sed tortor. Integer aliquam adipiscing lacus. Ut nec urna et arcu imperdiet ullamcorper. Duis at lacus. Quisque purus sapien, gravida non, sollicitudin a, malesuada id, erat. Etiam vestibulum massa rutrum magna. Cras'),(150,83,14,'2020-05-17 01:38:37','2019-12-31 05:03:25',10,'Sed pharetra, felis eget varius ultrices, mauris ipsum porta elit, a feugiat tellus lorem eu metus. In lorem. Donec elementum, lorem ut aliquam iaculis, lacus pede'),(151,95,5,'2020-07-14 11:27:40','2020-06-12 05:17:29',2,'amet, consectetuer adipiscing elit. Curabitur sed tortor. Integer aliquam adipiscing lacus. Ut nec urna et arcu imperdiet ullamcorper. Duis at lacus. Quisque purus sapien, gravida'),(152,76,21,'2021-04-29 20:57:07','2020-01-13 04:30:45',7,'parturient montes, nascetur ridiculus mus. Proin vel nisl. Quisque fringilla euismod enim. Etiam gravida molestie arcu. Sed eu nibh vulputate mauris sagittis placerat. Cras dictum ultricies ligula. Nullam enim. Sed nulla ante, iaculis'),(153,86,13,'2020-10-16 00:20:30','2021-02-24 04:06:53',5,'varius orci, in consequat enim diam vel arcu. Curabitur ut odio vel est tempor'),(154,57,18,'2021-08-08 11:57:20','2020-07-26 11:32:17',9,'pulvinar arcu et pede. Nunc sed orci lobortis augue scelerisque mollis. Phasellus libero mauris, aliquam eu, accumsan sed, facilisis vitae, orci. Phasellus dapibus quam quis diam. Pellentesque habitant morbi tristique senectus et netus et malesuada fames ac turpis egestas. Fusce aliquet'),(155,55,11,'2020-09-19 04:13:45','2021-12-19 21:20:51',7,'eu sem. Pellentesque ut ipsum ac mi eleifend egestas. Sed pharetra, felis eget varius ultrices,'),(156,83,18,'2019-12-31 13:11:19','2020-01-19 17:51:07',9,'pede. Praesent eu dui. Cum sociis natoque penatibus et magnis dis parturient montes, nascetur ridiculus mus. Aenean eget magna. Suspendisse tristique neque venenatis lacus. Etiam bibendum fermentum metus. Aenean sed pede nec ante blandit viverra. Donec tempus, lorem fringilla ornare placerat, orci lacus vestibulum lorem, sit amet ultricies sem magna'),(157,49,21,'2020-07-28 23:02:16','2020-10-21 23:08:20',7,'in faucibus orci luctus et ultrices posuere cubilia Curae; Phasellus ornare. Fusce mollis. Duis sit amet diam'),(158,52,20,'2020-11-21 11:39:40','2020-09-03 20:00:24',4,'Nunc quis arcu vel quam dignissim pharetra. Nam ac nulla. In tincidunt congue turpis. In condimentum. Donec at arcu. Vestibulum ante ipsum primis in faucibus orci luctus et ultrices posuere'),(159,74,1,'2021-04-22 01:57:15','2021-12-20 01:19:10',6,'Aliquam ultrices iaculis odio. Nam interdum enim non nisi. Aenean eget metus. In nec orci. Donec nibh. Quisque nonummy ipsum non arcu. Vivamus sit amet risus. Donec egestas. Aliquam nec enim. Nunc'),(160,61,2,'2021-12-17 06:58:04','2020-01-29 08:20:13',3,'metus facilisis lorem tristique aliquet. Phasellus fermentum convallis ligula. Donec luctus aliquet odio. Etiam ligula tortor, dictum eu, placerat eget, venenatis a, magna. Lorem ipsum dolor sit amet, consectetuer adipiscing elit. Etiam laoreet, libero et tristique pellentesque, tellus sem mollis dui, in sodales elit erat vitae risus. Duis a mi'),(161,16,12,'2020-04-14 06:56:16','2020-08-27 13:33:26',8,'at, velit. Cras lorem lorem, luctus ut, pellentesque eget, dictum placerat, augue. Sed molestie. Sed id risus quis diam luctus lobortis. Class aptent taciti sociosqu ad litora torquent per conubia nostra, per inceptos hymenaeos. Mauris ut quam vel sapien imperdiet ornare. In faucibus. Morbi vehicula. Pellentesque tincidunt tempus risus. Donec'),(162,46,23,'2021-07-03 17:47:09','2020-09-17 01:06:29',9,'erat neque non quam. Pellentesque habitant morbi tristique senectus et netus et malesuada fames ac turpis egestas. Aliquam fringilla cursus purus. Nullam scelerisque neque sed sem egestas blandit. Nam nulla magna, malesuada vel, convallis in, cursus et, eros. Proin ultrices. Duis'),(163,53,20,'2021-07-25 21:00:30','2021-03-18 14:28:27',8,'metus sit amet ante. Vivamus non lorem vitae odio sagittis'),(164,56,30,'2021-08-11 23:37:27','2020-10-30 21:01:51',6,'vitae velit egestas lacinia. Sed congue, elit sed consequat auctor, nunc nulla vulputate dui, nec tempus mauris erat eget ipsum. Suspendisse sagittis. Nullam vitae diam. Proin dolor. Nulla semper tellus id'),(165,54,29,'2020-09-13 03:20:50','2021-05-31 14:07:04',4,'ut odio vel est tempor bibendum. Donec felis orci, adipiscing non, luctus sit amet, faucibus ut, nulla. Cras eu tellus eu augue porttitor interdum. Sed auctor odio a purus. Duis elementum, dui quis accumsan convallis, ante lectus convallis est, vitae sodales nisi magna sed dui. Fusce aliquam,'),(166,60,22,'2020-05-13 09:28:00','2021-08-19 11:07:54',2,'odio semper cursus. Integer mollis. Integer tincidunt aliquam arcu. Aliquam ultrices iaculis odio. Nam interdum enim non nisi. Aenean eget metus. In nec orci. Donec nibh. Quisque nonummy ipsum non arcu.'),(167,66,1,'2020-11-25 18:16:58','2020-02-09 23:10:31',8,'amet luctus vulputate, nisi sem semper erat, in consectetuer ipsum nunc id enim. Curabitur massa. Vestibulum accumsan neque et nunc. Quisque ornare tortor at risus. Nunc ac sem ut dolor dapibus gravida.'),(168,51,13,'2020-03-04 22:29:08','2020-07-30 20:02:51',10,'nisi. Aenean eget metus. In nec orci. Donec nibh. Quisque nonummy ipsum non arcu. Vivamus sit amet risus. Donec egestas. Aliquam nec enim. Nunc ut erat. Sed nunc est, mollis non, cursus non, egestas a, dui. Cras pellentesque. Sed dictum. Proin eget odio. Aliquam vulputate ullamcorper magna. Sed'),(169,13,29,'2020-09-29 06:57:46','2020-10-13 06:54:17',8,'non, luctus sit amet, faucibus ut, nulla. Cras eu tellus eu augue porttitor interdum. Sed auctor odio a purus. Duis elementum, dui quis accumsan convallis, ante lectus convallis est, vitae sodales nisi magna sed dui. Fusce aliquam, enim nec'),(170,22,16,'2021-05-25 15:44:31','2021-03-29 07:21:52',2,'elementum sem, vitae aliquam eros turpis non enim. Mauris quis turpis vitae purus gravida sagittis. Duis gravida. Praesent eu nulla at sem molestie sodales. Mauris blandit enim consequat purus. Maecenas libero est, congue a,'),(171,29,18,'2020-09-09 12:56:17','2021-09-03 16:50:26',5,'Nunc laoreet lectus quis massa. Mauris vestibulum, neque sed dictum eleifend, nunc risus varius orci, in consequat enim diam vel arcu. Curabitur ut odio vel est tempor bibendum. Donec felis orci, adipiscing non, luctus sit amet, faucibus ut, nulla. Cras eu tellus eu augue porttitor interdum.'),(172,96,9,'2020-01-10 14:46:40','2021-05-12 19:51:05',6,'neque et nunc. Quisque ornare tortor at risus. Nunc ac sem ut dolor dapibus'),(173,57,16,'2020-02-27 07:07:36','2021-05-12 23:36:21',2,'tincidunt, neque vitae semper egestas, urna justo faucibus lectus, a sollicitudin orci sem eget massa. Suspendisse eleifend. Cras sed leo. Cras vehicula aliquet libero. Integer in magna. Phasellus dolor elit, pellentesque a, facilisis non, bibendum sed, est. Nunc laoreet'),(174,66,20,'2021-05-16 04:22:54','2021-06-20 14:46:38',8,'accumsan convallis, ante lectus convallis est, vitae sodales nisi magna sed dui. Fusce aliquam, enim nec tempus scelerisque, lorem ipsum sodales purus, in molestie tortor nibh sit amet orci. Ut sagittis lobortis mauris. Suspendisse aliquet molestie tellus. Aenean egestas'),(175,29,27,'2020-06-07 02:35:36','2020-04-22 23:21:00',5,'risus. Duis a mi fringilla mi lacinia mattis. Integer eu lacus. Quisque imperdiet, erat nonummy ultricies ornare, elit elit fermentum risus, at fringilla purus mauris a nunc. In at pede. Cras vulputate velit eu sem. Pellentesque ut'),(176,41,16,'2020-07-17 07:34:02','2021-08-03 01:54:29',5,'rutrum. Fusce dolor quam, elementum at, egestas a, scelerisque sed, sapien. Nunc pulvinar arcu et pede. Nunc sed orci lobortis augue scelerisque mollis. Phasellus libero mauris, aliquam eu, accumsan sed, facilisis vitae, orci. Phasellus dapibus quam quis diam. Pellentesque habitant morbi tristique'),(177,93,2,'2021-05-16 22:41:07','2020-01-06 13:34:30',4,'elit, a feugiat tellus lorem eu metus. In lorem. Donec elementum, lorem ut aliquam iaculis, lacus pede sagittis augue, eu tempor erat neque non'),(178,14,1,'2021-11-26 14:22:27','2021-07-10 04:10:15',2,'netus et malesuada fames ac turpis egestas. Fusce aliquet magna a neque. Nullam ut nisi a odio semper cursus. Integer mollis. Integer tincidunt aliquam arcu. Aliquam ultrices iaculis'),(179,92,21,'2021-03-30 12:21:51','2021-10-03 07:11:20',9,'Aliquam erat volutpat. Nulla facilisis. Suspendisse commodo tincidunt nibh. Phasellus nulla. Integer vulputate, risus a ultricies adipiscing, enim mi tempor lorem, eget mollis lectus pede et risus. Quisque libero'),(180,49,8,'2020-03-14 15:27:01','2020-12-23 05:22:25',8,'aliquam eu, accumsan sed, facilisis vitae, orci. Phasellus dapibus quam quis diam. Pellentesque'),(181,64,19,'2021-02-26 03:18:19','2021-03-02 06:26:11',3,'leo. Cras vehicula aliquet libero. Integer in magna. Phasellus dolor elit, pellentesque a, facilisis non, bibendum sed, est. Nunc'),(182,67,14,'2021-05-18 21:49:50','2021-07-06 15:45:31',7,'scelerisque neque sed sem egestas blandit. Nam nulla magna, malesuada vel, convallis in, cursus et, eros. Proin ultrices. Duis volutpat nunc sit amet metus. Aliquam erat volutpat. Nulla facilisis. Suspendisse commodo tincidunt nibh. Phasellus nulla. Integer vulputate, risus a ultricies'),(183,23,16,'2021-04-25 09:36:57','2021-04-21 22:25:52',7,'urna convallis erat, eget tincidunt dui augue eu tellus. Phasellus elit pede, malesuada'),(184,65,24,'2021-06-13 22:55:31','2020-01-19 20:04:25',8,'Phasellus vitae mauris sit amet lorem semper auctor. Mauris vel turpis. Aliquam adipiscing lobortis risus. In mi pede, nonummy ut, molestie in, tempus eu, ligula. Aenean euismod mauris eu elit. Nulla facilisi. Sed neque. Sed eget lacus. Mauris non dui nec urna suscipit nonummy. Fusce fermentum fermentum arcu.'),(185,70,12,'2021-03-30 14:53:31','2020-08-11 15:22:07',3,'feugiat metus sit amet ante. Vivamus non lorem vitae odio sagittis semper. Nam tempor diam dictum sapien. Aenean massa.'),(186,78,16,'2020-09-10 01:01:11','2021-11-10 02:00:50',2,'dictum placerat, augue. Sed molestie. Sed id risus quis diam luctus lobortis. Class aptent taciti sociosqu ad litora torquent per conubia nostra, per inceptos'),(187,32,20,'2021-05-23 20:53:56','2021-03-10 02:53:06',10,'sociis natoque penatibus et magnis dis parturient montes, nascetur ridiculus mus. Donec dignissim magna a tortor. Nunc commodo auctor velit. Aliquam nisl. Nulla eu neque pellentesque massa lobortis ultrices. Vivamus rhoncus. Donec est. Nunc ullamcorper, velit in aliquet lobortis, nisi nibh lacinia orci, consectetuer euismod est arcu ac orci. Ut'),(188,67,7,'2021-09-24 10:25:02','2020-09-01 01:18:06',1,'orci luctus et ultrices posuere cubilia Curae; Phasellus ornare. Fusce mollis. Duis sit amet diam eu dolor egestas rhoncus. Proin nisl sem,'),(189,98,7,'2021-12-05 18:36:06','2020-05-30 11:32:13',10,'diam. Sed diam lorem, auctor quis, tristique ac, eleifend vitae, erat. Vivamus nisi. Mauris nulla. Integer urna. Vivamus molestie dapibus ligula. Aliquam erat volutpat. Nulla'),(190,26,15,'2020-03-23 17:51:30','2021-09-08 18:28:10',7,'facilisis non, bibendum sed, est. Nunc laoreet lectus quis massa. Mauris vestibulum, neque sed dictum eleifend, nunc risus'),(191,86,15,'2021-02-05 03:49:46','2021-12-02 00:38:47',5,'dictum eu, eleifend nec, malesuada ut, sem. Nulla interdum. Curabitur dictum. Phasellus in felis. Nulla tempor augue ac ipsum.'),(192,43,24,'2020-08-10 10:01:55','2020-06-08 21:48:33',9,'mus. Proin vel nisl. Quisque fringilla euismod enim. Etiam gravida molestie arcu. Sed eu nibh vulputate mauris sagittis placerat. Cras dictum ultricies ligula. Nullam enim. Sed nulla ante, iaculis nec, eleifend non, dapibus rutrum, justo. Praesent luctus. Curabitur egestas nunc sed'),(193,33,1,'2021-03-22 17:34:50','2021-06-14 16:22:26',9,'Integer mollis. Integer tincidunt aliquam arcu. Aliquam ultrices iaculis odio. Nam interdum enim non nisi. Aenean eget metus. In nec orci. Donec nibh. Quisque nonummy ipsum non arcu. Vivamus sit amet risus. Donec egestas. Aliquam nec enim. Nunc ut erat. Sed nunc est, mollis non, cursus non, egestas a, dui.'),(194,76,7,'2020-10-10 09:42:00','2021-11-28 09:14:43',4,'lorem ac risus. Morbi metus. Vivamus euismod urna. Nullam lobortis quam a felis ullamcorper viverra. Maecenas iaculis aliquet diam. Sed diam lorem, auctor quis, tristique ac, eleifend vitae, erat. Vivamus nisi. Mauris nulla. Integer urna. Vivamus molestie dapibus ligula. Aliquam erat volutpat. Nulla dignissim. Maecenas ornare egestas'),(195,7,26,'2020-08-31 02:47:01','2021-09-26 00:16:32',8,'volutpat ornare, facilisis eget, ipsum. Donec sollicitudin adipiscing ligula. Aenean gravida nunc sed pede. Cum sociis natoque penatibus et magnis dis parturient montes, nascetur ridiculus mus. Proin vel arcu eu odio tristique pharetra. Quisque ac libero nec ligula consectetuer rhoncus. Nullam velit dui, semper et, lacinia vitae, sodales at,'),(196,22,28,'2020-03-20 19:32:10','2021-12-21 17:08:51',5,'a nunc. In at pede. Cras vulputate velit eu sem. Pellentesque ut ipsum ac mi eleifend egestas. Sed pharetra, felis eget varius ultrices, mauris ipsum porta elit, a feugiat tellus lorem eu metus. In lorem. Donec elementum, lorem ut aliquam iaculis, lacus pede sagittis'),(197,54,10,'2020-09-16 18:53:34','2021-01-13 10:36:20',8,'egestas blandit. Nam nulla magna, malesuada vel, convallis in, cursus et, eros. Proin ultrices. Duis volutpat nunc sit amet'),(198,45,8,'2021-10-23 17:19:07','2021-08-15 07:50:31',2,'Mauris vel turpis. Aliquam adipiscing lobortis risus. In mi pede, nonummy ut, molestie in, tempus eu, ligula. Aenean euismod mauris eu elit. Nulla facilisi. Sed neque. Sed'),(199,32,25,'2021-07-31 01:44:27','2021-04-19 18:14:32',2,'Donec sollicitudin adipiscing ligula. Aenean gravida nunc sed pede. Cum sociis natoque penatibus et magnis dis parturient montes, nascetur ridiculus mus. Proin vel arcu eu odio tristique pharetra. Quisque ac libero'),(200,41,5,'2021-03-20 17:35:54','2019-12-23 01:04:47',2,'urna, nec luctus felis purus ac tellus. Suspendisse sed dolor. Fusce mi lorem, vehicula et, rutrum eu, ultrices sit amet, risus.');
/*!40000 ALTER TABLE `customer_visit` ENABLE KEYS */;
UNLOCK TABLES;

--
-- Table structure for table `delivery_zip_codes`
--

DROP TABLE IF EXISTS `delivery_zip_codes`;
/*!40101 SET @saved_cs_client     = @@character_set_client */;
/*!50503 SET character_set_client = utf8mb4 */;
CREATE TABLE `delivery_zip_codes` (
  `zip_code` int NOT NULL,
  PRIMARY KEY (`zip_code`)
) ENGINE=InnoDB DEFAULT CHARSET=utf8mb4 COLLATE=utf8mb4_0900_ai_ci;
/*!40101 SET character_set_client = @saved_cs_client */;

--
-- Dumping data for table `delivery_zip_codes`
--

LOCK TABLES `delivery_zip_codes` WRITE;
/*!40000 ALTER TABLE `delivery_zip_codes` DISABLE KEYS */;
INSERT INTO `delivery_zip_codes` VALUES (4630),(7235),(9155),(14281),(14765),(15253),(15496),(15812),(18552),(22675),(22960),(23803),(24652),(28562),(30201),(37544),(37769),(38233),(38371),(40683),(42734),(43325),(44592),(44695),(45826),(45907),(47937),(48960),(49807),(50032),(50616),(54089),(58482),(58584),(58690),(73606),(81334),(84768),(88822),(97986);
/*!40000 ALTER TABLE `delivery_zip_codes` ENABLE KEYS */;
UNLOCK TABLES;

--
-- Table structure for table `employee`
--

DROP TABLE IF EXISTS `employee`;
/*!40101 SET @saved_cs_client     = @@character_set_client */;
/*!50503 SET character_set_client = utf8mb4 */;
CREATE TABLE `employee` (
  `employee_ID` int NOT NULL AUTO_INCREMENT,
  `first_name` varchar(45) NOT NULL,
  `last_name` varchar(45) NOT NULL,
  `birth_date` date DEFAULT NULL,
  `phone` varchar(45) NOT NULL,
  `status` int NOT NULL,
  `rol` int NOT NULL,
  PRIMARY KEY (`employee_ID`),
  KEY `fk_employee_status_idx` (`status`),
  KEY `fk_employee_rol_idx` (`rol`),
  CONSTRAINT `fk_employee_rol` FOREIGN KEY (`rol`) REFERENCES `myapp`.`roles` (`rol_ID`) ON DELETE RESTRICT ON UPDATE RESTRICT,
  CONSTRAINT `fk_employee_status` FOREIGN KEY (`status`) REFERENCES `myapp`.`status` (`status_ID`) ON DELETE RESTRICT ON UPDATE RESTRICT
) ENGINE=InnoDB AUTO_INCREMENT=11 DEFAULT CHARSET=utf8mb4 COLLATE=utf8mb4_0900_ai_ci;
/*!40101 SET character_set_client = @saved_cs_client */;

--
-- Dumping data for table `employee`
--

LOCK TABLES `employee` WRITE;
/*!40000 ALTER TABLE `employee` DISABLE KEYS */;
INSERT INTO `employee` VALUES (1,'Bertha','Keith','1991-07-07','(748) 825-7820',301,1),(2,'Jena','Ferrell','1986-11-26','(331) 197-5063',302,5),(3,'Todd','Ortiz','1998-02-17','(307) 681-2092',302,2),(4,'Alexandra','Harding','1980-09-23','(659) 929-5044',303,2),(5,'Haley','Bradshaw','1971-10-25','(416) 970-1864',304,2),(6,'Baker','Mclean','1979-01-13','(922) 809-5147',302,2),(7,'Phoebe','Mcbride','1974-09-17','(137) 544-7257',301,3),(8,'Olympia','Wolfe','2000-05-04','(900) 316-7346',304,3),(9,'Rahim','Holloway','1981-12-10','(173) 830-7984',303,3),(10,'Nicholas','Robles','1978-09-27','(917) 355-3440',303,4);
/*!40000 ALTER TABLE `employee` ENABLE KEYS */;
UNLOCK TABLES;

--
-- Table structure for table `employee_shift`
--

DROP TABLE IF EXISTS `employee_shift`;
/*!40101 SET @saved_cs_client     = @@character_set_client */;
/*!50503 SET character_set_client = utf8mb4 */;
CREATE TABLE `employee_shift` (
  `employee_ID` int NOT NULL,
  `shift_ID` int NOT NULL,
  PRIMARY KEY (`employee_ID`,`shift_ID`),
  KEY `fk_employee_shift_shift_idx` (`shift_ID`),
  CONSTRAINT `fk_employee_shift_employee` FOREIGN KEY (`employee_ID`) REFERENCES `employee` (`employee_ID`) ON DELETE CASCADE ON UPDATE CASCADE,
  CONSTRAINT `fk_employee_shift_shift` FOREIGN KEY (`shift_ID`) REFERENCES `shift` (`shift_ID`) ON DELETE CASCADE ON UPDATE CASCADE
) ENGINE=InnoDB DEFAULT CHARSET=utf8mb4 COLLATE=utf8mb4_0900_ai_ci;
/*!40101 SET character_set_client = @saved_cs_client */;

--
-- Dumping data for table `employee_shift`
--

LOCK TABLES `employee_shift` WRITE;
/*!40000 ALTER TABLE `employee_shift` DISABLE KEYS */;
INSERT INTO `employee_shift` VALUES (1,1),(8,1),(2,2),(9,2),(6,3),(7,3),(3,4),(10,4),(4,5),(5,5);
/*!40000 ALTER TABLE `employee_shift` ENABLE KEYS */;
UNLOCK TABLES;

--
-- Table structure for table `food`
--

DROP TABLE IF EXISTS `food`;
/*!40101 SET @saved_cs_client     = @@character_set_client */;
/*!50503 SET character_set_client = utf8mb4 */;
CREATE TABLE `food` (
  `food_ID` int NOT NULL AUTO_INCREMENT,
  `name` varchar(45) NOT NULL,
  `description` varchar(500) DEFAULT NULL,
  `category_ID` int NOT NULL,
  `recipe_ID` int NOT NULL,
  `available` tinyint NOT NULL,
  `price` decimal(5,2) unsigned NOT NULL,
  `food_type_ID` int NOT NULL,
  PRIMARY KEY (`food_ID`),
  KEY `fk_food_recipe_idx` (`recipe_ID`),
  KEY `fk_food_food_type_idx` (`food_type_ID`),
  KEY `fk_food_category_idx` (`category_ID`),
  CONSTRAINT `fk_food_category` FOREIGN KEY (`category_ID`) REFERENCES `myapp`.`menu_category` (`category_ID`),
  CONSTRAINT `fk_food_food_type` FOREIGN KEY (`food_type_ID`) REFERENCES `myapp`.`food_type` (`food_type_ID`),
  CONSTRAINT `fk_food_recipe` FOREIGN KEY (`recipe_ID`) REFERENCES `recipe` (`recipe_ID`)
) ENGINE=InnoDB AUTO_INCREMENT=101 DEFAULT CHARSET=utf8mb4 COLLATE=utf8mb4_0900_ai_ci;
/*!40101 SET character_set_client = @saved_cs_client */;

--
-- Dumping data for table `food`
--

LOCK TABLES `food` WRITE;
/*!40000 ALTER TABLE `food` DISABLE KEYS */;
INSERT INTO `food` VALUES (1,'Aliquam','nec metus facilisis lorem tristique aliquet. Phasellus fermentum convallis ligula. Donec luctus aliquet odio. Etiam ligula tortor, dictum eu, placerat eget, venenatis a, magna. Lorem ipsum',1,1,0,32.03,6),(2,'in','Sed id risus quis diam luctus lobortis. Class aptent taciti sociosqu ad litora torquent per conubia nostra, per inceptos hymenaeos. Mauris ut quam vel sapien imperdiet ornare. In faucibus. Morbi vehicula. Pellentesque tincidunt tempus risus. Donec',4,2,0,21.63,9),(3,'a purus.','at augue id ante dictum cursus. Nunc mauris elit, dictum eu, eleifend nec, malesuada ut, sem. Nulla interdum. Curabitur dictum. Phasellus in felis. Nulla tempor augue ac ipsum. Phasellus vitae mauris sit amet lorem semper',3,3,0,27.33,2),(4,'ante. Maecenas','mauris. Suspendisse aliquet molestie tellus. Aenean egestas hendrerit neque. In ornare sagittis felis. Donec tempor, est ac mattis semper, dui',1,4,0,18.93,5),(5,'non, lobortis quis,','Duis mi enim, condimentum eget, volutpat ornare, facilisis eget, ipsum. Donec sollicitudin adipiscing',7,5,0,23.79,3),(6,'Nunc pulvinar arcu','Aenean massa. Integer vitae nibh. Donec est mauris, rhoncus id, mollis nec, cursus a, enim. Suspendisse aliquet, sem ut cursus luctus, ipsum leo elementum sem, vitae aliquam eros turpis non enim. Mauris quis turpis vitae purus gravida sagittis. Duis gravida. Praesent eu nulla at sem molestie sodales. Mauris blandit enim',4,6,0,21.35,9),(7,'lacinia vitae, sodales','elementum, dui quis accumsan convallis, ante lectus convallis est, vitae sodales nisi magna sed dui. Fusce aliquam, enim nec tempus scelerisque, lorem ipsum sodales purus, in molestie tortor nibh sit amet orci. Ut sagittis lobortis mauris. Suspendisse aliquet molestie tellus. Aenean egestas hendrerit neque. In ornare sagittis felis.',3,7,0,3.00,6),(8,'ligula.','lacus pede sagittis augue, eu tempor erat neque non quam. Pellentesque habitant morbi tristique senectus et netus et malesuada fames ac turpis egestas. Aliquam fringilla cursus purus. Nullam scelerisque neque sed sem egestas blandit. Nam nulla magna, malesuada vel, convallis in, cursus et, eros. Proin ultrices. Duis',4,8,0,39.78,3),(9,'ante.','augue scelerisque mollis. Phasellus libero mauris, aliquam eu, accumsan sed, facilisis vitae, orci. Phasellus dapibus quam quis diam. Pellentesque habitant morbi tristique senectus et netus et malesuada',1,9,0,24.30,9),(10,'placerat. Cras','eget metus eu erat semper rutrum. Fusce dolor quam, elementum at, egestas a, scelerisque sed, sapien. Nunc pulvinar',2,10,0,10.08,10),(11,'mattis. Cras','nulla magna, malesuada vel, convallis in, cursus et, eros. Proin ultrices. Duis volutpat nunc sit amet metus. Aliquam erat volutpat. Nulla facilisis.',2,11,1,10.75,3),(12,'dapibus gravida. Aliquam','Phasellus in felis. Nulla tempor augue ac ipsum. Phasellus vitae mauris sit amet lorem semper auctor. Mauris vel turpis. Aliquam adipiscing lobortis risus. In mi pede, nonummy ut, molestie in, tempus eu, ligula. Aenean euismod mauris eu elit. Nulla facilisi.',3,12,1,1.63,3),(13,'montes, nascetur','tincidunt nibh. Phasellus nulla. Integer vulputate, risus a ultricies adipiscing, enim mi tempor lorem, eget mollis lectus pede et risus. Quisque libero lacus, varius et, euismod et, commodo at, libero. Morbi accumsan laoreet ipsum. Curabitur consequat, lectus sit amet luctus vulputate, nisi sem semper erat, in consectetuer ipsum',4,13,1,5.07,9),(14,'sagittis lobortis mauris.','mauris sit amet lorem semper auctor. Mauris vel turpis. Aliquam adipiscing lobortis risus. In mi pede, nonummy ut,',8,14,1,30.68,4),(15,'non, lacinia','nisi a odio semper cursus. Integer mollis. Integer tincidunt aliquam arcu. Aliquam ultrices iaculis odio. Nam interdum enim non nisi. Aenean eget metus. In nec orci. Donec nibh. Quisque nonummy ipsum non arcu.',6,15,1,3.53,6),(16,'ornare','enim. Curabitur massa. Vestibulum accumsan neque et nunc. Quisque ornare tortor at risus. Nunc ac sem ut dolor dapibus gravida. Aliquam tincidunt, nunc ac mattis ornare, lectus ante dictum mi, ac',7,16,1,20.73,6),(17,'dapibus','dui, semper et, lacinia vitae, sodales at, velit. Pellentesque ultricies dignissim lacus. Aliquam rutrum lorem ac risus. Morbi metus. Vivamus euismod urna. Nullam lobortis quam a felis ullamcorper viverra. Maecenas iaculis aliquet diam. Sed diam lorem, auctor quis, tristique ac, eleifend vitae, erat. Vivamus nisi. Mauris nulla.',4,17,0,11.87,7),(18,'mattis semper,','urna. Vivamus molestie dapibus ligula. Aliquam erat volutpat. Nulla dignissim. Maecenas ornare egestas ligula.',2,18,0,1.80,6),(19,'ornare','magnis dis parturient montes, nascetur ridiculus mus. Proin vel nisl. Quisque fringilla euismod enim. Etiam gravida molestie arcu. Sed eu nibh vulputate mauris sagittis placerat. Cras dictum ultricies ligula. Nullam enim. Sed nulla ante, iaculis nec, eleifend non, dapibus rutrum, justo. Praesent luctus. Curabitur egestas nunc sed libero. Proin',5,19,1,23.40,3),(20,'nec, cursus','Cras vehicula aliquet libero. Integer in magna. Phasellus dolor elit, pellentesque a, facilisis non, bibendum sed, est. Nunc laoreet lectus quis massa. Mauris vestibulum, neque sed dictum eleifend, nunc risus varius orci, in consequat enim diam vel arcu. Curabitur ut odio vel est tempor bibendum.',7,20,0,35.91,10),(21,'metus','risus. Nunc ac sem ut dolor dapibus gravida. Aliquam tincidunt, nunc ac',3,21,1,34.78,8),(22,'ultrices a, auctor','Aliquam gravida mauris ut mi. Duis risus odio, auctor vitae, aliquet nec, imperdiet nec, leo. Morbi neque tellus, imperdiet non, vestibulum nec, euismod in, dolor. Fusce feugiat. Lorem ipsum dolor sit amet, consectetuer adipiscing elit. Aliquam',1,22,1,3.05,9),(23,'mi. Duis','auctor, nunc nulla vulputate dui, nec tempus mauris erat eget ipsum. Suspendisse sagittis. Nullam vitae diam. Proin dolor. Nulla semper tellus id',5,23,0,24.15,7),(24,'Donec tempus, lorem','lorem fringilla ornare placerat, orci lacus vestibulum lorem, sit amet ultricies sem magna nec quam. Curabitur vel lectus. Cum sociis natoque penatibus et magnis dis parturient montes, nascetur ridiculus mus.',6,24,0,7.13,1),(25,'egestas a,','interdum feugiat. Sed nec metus facilisis lorem tristique aliquet. Phasellus fermentum convallis ligula. Donec luctus aliquet odio. Etiam ligula tortor, dictum eu, placerat eget, venenatis a, magna. Lorem ipsum dolor sit amet, consectetuer adipiscing elit. Etiam',4,25,1,3.64,5),(26,'nascetur ridiculus','Vivamus euismod urna. Nullam lobortis quam a felis ullamcorper viverra. Maecenas iaculis aliquet',8,26,1,32.70,3),(27,'Curabitur','diam nunc, ullamcorper eu, euismod ac, fermentum vel, mauris. Integer sem elit, pharetra ut,',8,27,0,2.67,2),(28,'et','eu dui. Cum sociis natoque penatibus et magnis dis parturient montes,',4,28,1,20.13,1),(29,'sociosqu ad litora','mauris a nunc. In at pede. Cras vulputate velit eu sem. Pellentesque ut ipsum ac mi eleifend egestas. Sed pharetra, felis eget varius ultrices, mauris ipsum porta elit, a feugiat tellus lorem eu metus. In lorem. Donec elementum, lorem ut aliquam iaculis, lacus',2,29,1,6.87,7),(30,'auctor','Nulla semper tellus id nunc interdum feugiat. Sed nec metus facilisis lorem tristique aliquet. Phasellus fermentum convallis ligula. Donec luctus aliquet odio. Etiam ligula tortor, dictum eu, placerat eget, venenatis a, magna. Lorem ipsum dolor sit amet, consectetuer adipiscing elit. Etiam laoreet, libero et tristique pellentesque, tellus sem',7,30,0,19.88,3),(31,'diam.','id ante dictum cursus. Nunc mauris elit, dictum eu, eleifend nec, malesuada ut, sem. Nulla interdum. Curabitur dictum. Phasellus in felis. Nulla tempor augue ac ipsum. Phasellus vitae mauris sit amet lorem semper auctor. Mauris vel turpis. Aliquam adipiscing lobortis',2,31,1,6.52,9),(32,'eu eros. Nam','Nunc ac sem ut dolor dapibus gravida. Aliquam tincidunt, nunc ac mattis ornare, lectus ante dictum mi, ac mattis velit justo nec ante. Maecenas mi felis, adipiscing fringilla, porttitor vulputate, posuere vulputate, lacus. Cras interdum. Nunc sollicitudin commodo ipsum. Suspendisse non leo. Vivamus nibh dolor, nonummy',8,32,1,12.57,3),(33,'justo','tempor erat neque non quam. Pellentesque habitant morbi tristique senectus et netus et malesuada fames ac turpis egestas. Aliquam fringilla cursus purus. Nullam scelerisque neque sed sem egestas blandit. Nam nulla magna, malesuada vel, convallis in, cursus et, eros. Proin ultrices. Duis volutpat nunc sit amet metus. Aliquam erat',7,33,0,31.31,7),(34,'odio.','Integer tincidunt aliquam arcu. Aliquam ultrices iaculis odio. Nam interdum enim non nisi. Aenean eget metus. In nec orci. Donec nibh. Quisque nonummy ipsum non arcu. Vivamus sit amet risus. Donec egestas. Aliquam nec enim. Nunc ut erat. Sed nunc',2,34,1,29.24,10),(35,'odio.','mauris a nunc. In at pede. Cras vulputate velit eu sem. Pellentesque ut ipsum ac mi eleifend egestas. Sed pharetra, felis eget varius ultrices,',5,35,0,12.87,7),(36,'Aliquam tincidunt,','Suspendisse eleifend. Cras sed leo. Cras vehicula aliquet libero. Integer in magna. Phasellus dolor elit, pellentesque a, facilisis non, bibendum sed, est. Nunc laoreet lectus quis massa. Mauris vestibulum, neque sed dictum eleifend, nunc risus',3,36,0,24.78,7),(37,'sociis natoque penatibus','erat eget ipsum. Suspendisse sagittis. Nullam vitae diam. Proin dolor. Nulla semper tellus id nunc interdum feugiat. Sed nec metus facilisis lorem tristique aliquet. Phasellus fermentum convallis ligula. Donec',2,37,0,18.36,1),(38,'at','egestas. Fusce aliquet magna a neque. Nullam ut nisi a odio semper cursus. Integer mollis. Integer tincidunt aliquam arcu. Aliquam ultrices iaculis odio. Nam interdum enim non nisi. Aenean eget metus. In nec orci. Donec nibh. Quisque nonummy ipsum non arcu. Vivamus sit amet risus. Donec',3,38,0,37.56,5),(39,'in magna.','Nullam feugiat placerat velit. Quisque varius. Nam porttitor scelerisque neque. Nullam nisl.',1,39,0,2.64,3),(40,'hendrerit id,','vulputate mauris sagittis placerat. Cras dictum ultricies ligula. Nullam enim. Sed nulla ante, iaculis nec, eleifend non, dapibus rutrum, justo.',5,40,1,31.56,6),(41,'vehicula. Pellentesque tincidunt','condimentum eget, volutpat ornare, facilisis eget, ipsum. Donec sollicitudin adipiscing ligula. Aenean gravida nunc sed pede. Cum sociis natoque penatibus et magnis dis parturient montes, nascetur ridiculus mus. Proin vel arcu eu odio tristique pharetra. Quisque ac libero nec ligula consectetuer rhoncus. Nullam',8,41,1,24.36,9),(42,'tincidunt aliquam arcu.','Cum sociis natoque penatibus et magnis dis parturient montes, nascetur',7,42,0,33.54,2),(43,'nec, eleifend','at, nisi. Cum sociis natoque penatibus et magnis dis parturient montes, nascetur ridiculus mus. Proin vel nisl. Quisque fringilla euismod enim. Etiam gravida molestie arcu. Sed eu nibh vulputate mauris sagittis placerat. Cras dictum ultricies ligula. Nullam enim. Sed nulla ante, iaculis nec, eleifend non, dapibus',7,43,1,14.84,6),(44,'In faucibus.','lacus, varius et, euismod et, commodo at, libero. Morbi accumsan laoreet ipsum. Curabitur consequat, lectus sit amet luctus vulputate, nisi sem semper erat, in consectetuer ipsum nunc id enim. Curabitur massa. Vestibulum accumsan neque et nunc. Quisque ornare tortor at risus. Nunc ac sem ut dolor dapibus gravida. Aliquam tincidunt,',3,44,0,27.25,9),(45,'dictum cursus.','ligula. Donec luctus aliquet odio. Etiam ligula tortor, dictum eu, placerat eget, venenatis a, magna. Lorem ipsum dolor sit amet, consectetuer adipiscing elit. Etiam laoreet, libero et tristique pellentesque, tellus sem mollis dui, in sodales elit erat vitae risus. Duis a mi fringilla mi lacinia mattis. Integer eu',5,45,1,36.92,8),(46,'nunc est, mollis','felis purus ac tellus. Suspendisse sed dolor. Fusce mi lorem, vehicula et, rutrum eu, ultrices sit amet, risus. Donec nibh enim, gravida',7,46,1,30.34,9),(47,'auctor vitae, aliquet','orci sem eget massa. Suspendisse eleifend. Cras sed leo. Cras vehicula aliquet libero. Integer in magna. Phasellus dolor elit,',4,47,0,9.60,1),(48,'ornare egestas','id, blandit at, nisi. Cum sociis natoque penatibus et magnis dis parturient montes, nascetur ridiculus mus. Proin vel nisl. Quisque fringilla euismod enim. Etiam gravida molestie arcu. Sed eu nibh vulputate mauris sagittis placerat. Cras dictum ultricies ligula. Nullam',3,48,1,17.76,1),(49,'ornare.','auctor, nunc nulla vulputate dui, nec tempus mauris erat eget ipsum. Suspendisse sagittis. Nullam vitae diam. Proin dolor. Nulla semper tellus id nunc interdum feugiat. Sed nec metus',2,49,0,3.09,6),(50,'iaculis','at auctor ullamcorper, nisl arcu iaculis enim, sit amet ornare lectus justo eu arcu. Morbi sit amet massa. Quisque porttitor eros nec tellus. Nunc lectus',1,50,1,36.82,4),(51,'quis massa.','massa. Suspendisse eleifend. Cras sed leo. Cras vehicula aliquet libero. Integer in magna. Phasellus dolor elit, pellentesque a, facilisis non, bibendum sed, est.',4,51,0,27.35,6),(52,'Nunc','sagittis semper. Nam tempor diam dictum sapien. Aenean massa. Integer vitae nibh. Donec est mauris, rhoncus id, mollis nec, cursus a, enim. Suspendisse aliquet, sem ut cursus luctus, ipsum leo elementum sem, vitae aliquam eros turpis non enim. Mauris quis turpis vitae purus gravida sagittis. Duis gravida. Praesent eu',3,52,1,8.47,3),(53,'ac risus.','Nunc mauris. Morbi non sapien molestie orci tincidunt adipiscing. Mauris molestie pharetra nibh. Aliquam ornare, libero at auctor ullamcorper, nisl arcu iaculis enim, sit amet ornare lectus justo eu arcu. Morbi sit amet massa. Quisque porttitor eros nec tellus. Nunc lectus pede, ultrices a, auctor non,',5,53,1,18.48,8),(54,'semper. Nam tempor','molestie tortor nibh sit amet orci. Ut sagittis lobortis mauris.',3,54,1,8.94,4),(55,'non, egestas','Nam nulla magna, malesuada vel, convallis in, cursus et, eros. Proin ultrices. Duis volutpat nunc sit amet metus. Aliquam erat volutpat. Nulla facilisis. Suspendisse commodo tincidunt nibh. Phasellus nulla. Integer vulputate, risus a ultricies adipiscing, enim',3,55,1,29.78,3),(56,'feugiat non,','ridiculus mus. Donec dignissim magna a tortor. Nunc commodo auctor velit. Aliquam nisl. Nulla',4,56,1,18.70,6),(57,'gravida molestie arcu.','sodales elit erat vitae risus. Duis a mi fringilla mi lacinia mattis.',4,57,0,15.88,7),(58,'molestie orci','Aenean massa. Integer vitae nibh. Donec est mauris, rhoncus id, mollis nec, cursus a, enim. Suspendisse aliquet, sem ut cursus luctus, ipsum leo elementum',5,58,1,34.65,1),(59,'vestibulum nec,','dictum mi, ac mattis velit justo nec ante. Maecenas mi felis, adipiscing fringilla,',7,59,1,32.01,4),(60,'ut, nulla.','faucibus leo, in lobortis tellus justo sit amet nulla. Donec non justo. Proin non massa non ante bibendum ullamcorper. Duis cursus, diam at pretium aliquet, metus urna convallis erat, eget tincidunt dui augue',3,60,1,13.41,4),(61,'tempor','non justo. Proin non massa non ante bibendum ullamcorper. Duis cursus, diam at',7,61,0,6.11,5),(62,'dapibus ligula. Aliquam','at pretium aliquet, metus urna convallis erat, eget tincidunt dui augue eu tellus. Phasellus elit pede, malesuada vel, venenatis vel, faucibus id, libero. Donec consectetuer mauris id sapien. Cras dolor dolor, tempus non, lacinia at, iaculis quis, pede. Praesent eu dui. Cum sociis',4,62,0,39.58,2),(63,'Morbi accumsan','felis ullamcorper viverra. Maecenas iaculis aliquet diam. Sed diam lorem, auctor quis, tristique ac, eleifend vitae, erat. Vivamus nisi. Mauris nulla. Integer urna.',4,63,0,33.79,8),(64,'Cras pellentesque.','sed dolor. Fusce mi lorem, vehicula et, rutrum eu, ultrices sit amet, risus. Donec nibh enim, gravida sit amet, dapibus id, blandit at, nisi. Cum sociis natoque penatibus et magnis dis parturient montes, nascetur ridiculus mus. Proin vel nisl. Quisque fringilla euismod enim. Etiam gravida molestie arcu. Sed eu',4,64,1,9.81,9),(65,'mi tempor lorem,','semper rutrum. Fusce dolor quam, elementum at, egestas a, scelerisque sed, sapien. Nunc pulvinar arcu et pede. Nunc sed orci lobortis augue scelerisque mollis. Phasellus libero mauris, aliquam eu, accumsan sed, facilisis vitae, orci. Phasellus dapibus quam quis diam. Pellentesque habitant morbi tristique senectus et netus et malesuada fames',8,65,1,6.12,5),(66,'interdum libero','suscipit nonummy. Fusce fermentum fermentum arcu. Vestibulum ante ipsum primis in faucibus orci luctus et ultrices posuere cubilia Curae; Phasellus ornare. Fusce mollis. Duis sit amet diam eu dolor egestas rhoncus. Proin nisl sem, consequat nec, mollis vitae,',1,66,1,39.47,3),(67,'gravida','at, nisi. Cum sociis natoque penatibus et magnis dis parturient montes, nascetur ridiculus mus. Proin vel nisl. Quisque fringilla euismod enim. Etiam gravida molestie arcu. Sed eu nibh vulputate mauris sagittis',8,67,1,33.72,4),(68,'erat','non massa non ante bibendum ullamcorper. Duis cursus, diam at pretium aliquet, metus urna convallis erat, eget tincidunt dui augue eu tellus. Phasellus elit pede, malesuada vel, venenatis vel, faucibus id, libero. Donec consectetuer',1,68,1,7.70,6),(69,'netus et','et libero. Proin mi. Aliquam gravida mauris ut mi. Duis risus',2,69,1,17.53,9),(70,'tellus sem','eu, placerat eget, venenatis a, magna. Lorem ipsum dolor sit amet, consectetuer adipiscing elit. Etiam',2,70,0,12.32,10),(71,'ac','consectetuer adipiscing elit. Etiam laoreet, libero et tristique pellentesque, tellus sem mollis dui, in sodales',4,71,1,12.57,3),(72,'dictum sapien.','et, euismod et, commodo at, libero. Morbi accumsan laoreet ipsum. Curabitur consequat, lectus sit amet luctus vulputate, nisi sem semper erat, in consectetuer ipsum nunc id enim. Curabitur massa. Vestibulum accumsan neque et nunc. Quisque',5,72,1,39.71,2),(73,'dui.','ultrices sit amet, risus. Donec nibh enim, gravida sit amet, dapibus id, blandit at, nisi. Cum sociis natoque penatibus et magnis dis parturient montes, nascetur ridiculus mus. Proin vel nisl. Quisque fringilla euismod enim. Etiam gravida molestie arcu. Sed eu nibh vulputate mauris',4,73,1,13.57,6),(74,'Praesent interdum','ornare placerat, orci lacus vestibulum lorem, sit amet ultricies sem magna nec quam. Curabitur vel lectus. Cum sociis natoque penatibus et magnis dis parturient montes, nascetur ridiculus mus. Donec dignissim magna a tortor. Nunc',5,74,0,38.73,2),(75,'Lorem ipsum','dui. Cras pellentesque. Sed dictum. Proin eget odio. Aliquam vulputate ullamcorper magna. Sed eu eros. Nam consequat dolor vitae dolor. Donec fringilla.',2,75,1,8.59,7),(76,'magna.','vitae odio sagittis semper. Nam tempor diam dictum sapien. Aenean massa. Integer vitae nibh. Donec est mauris, rhoncus id, mollis nec, cursus a, enim. Suspendisse aliquet, sem ut cursus luctus, ipsum leo elementum sem, vitae aliquam eros turpis non enim. Mauris quis turpis vitae purus gravida sagittis. Duis',7,76,0,22.66,7),(77,'semper. Nam','odio a purus. Duis elementum, dui quis accumsan convallis, ante lectus convallis est, vitae sodales nisi magna sed dui. Fusce aliquam, enim nec tempus scelerisque, lorem ipsum sodales',4,77,1,17.81,2),(78,'tristique aliquet. Phasellus','facilisis lorem tristique aliquet. Phasellus fermentum convallis ligula. Donec luctus aliquet odio. Etiam ligula tortor, dictum eu, placerat eget, venenatis a, magna. Lorem ipsum dolor sit amet, consectetuer adipiscing elit. Etiam laoreet, libero et tristique',2,78,1,18.51,4),(79,'rutrum','ornare, lectus ante dictum mi, ac mattis velit justo nec ante. Maecenas mi felis, adipiscing fringilla, porttitor vulputate, posuere vulputate, lacus. Cras interdum. Nunc sollicitudin commodo ipsum. Suspendisse non leo. Vivamus nibh dolor, nonummy ac, feugiat non, lobortis quis, pede. Suspendisse dui. Fusce',7,79,0,25.93,7),(80,'habitant morbi','Vestibulum ante ipsum primis in faucibus orci luctus et ultrices posuere cubilia Curae; Phasellus ornare. Fusce mollis.',5,80,1,31.21,4),(81,'penatibus','venenatis a, magna. Lorem ipsum dolor sit amet, consectetuer adipiscing elit. Etiam laoreet, libero et tristique pellentesque, tellus sem mollis dui, in sodales elit erat vitae risus. Duis a mi fringilla mi lacinia mattis. Integer eu lacus. Quisque imperdiet, erat nonummy ultricies',1,81,1,19.76,1),(82,'molestie arcu.','aliquam arcu. Aliquam ultrices iaculis odio. Nam interdum enim non nisi. Aenean eget metus. In nec orci. Donec nibh. Quisque nonummy ipsum non arcu. Vivamus sit amet risus. Donec egestas. Aliquam nec enim. Nunc ut erat. Sed nunc est,',6,82,1,8.92,1),(83,'turpis vitae purus','imperdiet non, vestibulum nec, euismod in, dolor. Fusce feugiat. Lorem ipsum dolor sit amet, consectetuer adipiscing elit.',8,83,0,20.87,10),(84,'nisi.','lectus pede et risus. Quisque libero lacus, varius et, euismod et, commodo at, libero. Morbi accumsan',8,84,0,24.15,7),(85,'lacus','nascetur ridiculus mus. Proin vel nisl. Quisque fringilla euismod enim. Etiam gravida molestie arcu. Sed eu nibh vulputate mauris sagittis placerat. Cras dictum ultricies ligula. Nullam enim. Sed nulla ante, iaculis nec, eleifend non, dapibus rutrum, justo. Praesent luctus. Curabitur egestas nunc sed libero. Proin sed turpis',6,85,1,14.81,7),(86,'Vestibulum','velit. Aliquam nisl. Nulla eu neque pellentesque massa lobortis ultrices. Vivamus rhoncus. Donec est.',1,86,0,38.23,1),(87,'diam.','lectus pede, ultrices a, auctor non, feugiat nec, diam. Duis mi enim, condimentum eget, volutpat ornare, facilisis eget, ipsum. Donec sollicitudin adipiscing ligula. Aenean gravida nunc sed pede. Cum sociis natoque penatibus et magnis dis parturient montes, nascetur ridiculus mus. Proin vel arcu eu odio tristique',3,87,0,1.71,8),(88,'nisl arcu iaculis','libero. Integer in magna. Phasellus dolor elit, pellentesque a, facilisis non, bibendum sed, est. Nunc laoreet lectus quis massa. Mauris vestibulum, neque sed dictum eleifend, nunc risus varius orci, in consequat enim diam vel arcu. Curabitur ut odio vel est tempor bibendum. Donec felis orci, adipiscing non, luctus sit',6,88,1,22.49,7),(89,'et ultrices','justo. Praesent luctus. Curabitur egestas nunc sed libero. Proin sed turpis nec mauris blandit',6,89,1,16.02,8),(90,'enim. Suspendisse aliquet,','lorem. Donec elementum, lorem ut aliquam iaculis, lacus pede sagittis augue, eu tempor erat neque non quam. Pellentesque habitant morbi tristique senectus et netus',2,90,1,12.71,6),(91,'magna sed','turpis nec mauris blandit mattis. Cras eget nisi dictum augue malesuada malesuada.',6,91,0,1.89,10),(92,'Nunc laoreet','gravida. Praesent eu nulla at sem molestie sodales. Mauris blandit enim consequat purus. Maecenas libero est, congue a,',3,92,0,28.56,8),(93,'Proin mi. Aliquam','Quisque fringilla euismod enim. Etiam gravida molestie arcu. Sed eu nibh vulputate mauris sagittis placerat. Cras dictum ultricies ligula. Nullam enim. Sed nulla ante, iaculis nec, eleifend non, dapibus rutrum, justo. Praesent luctus. Curabitur egestas nunc sed libero. Proin sed',2,93,1,9.42,6),(94,'tellus non','vel, venenatis vel, faucibus id, libero. Donec consectetuer mauris id sapien. Cras dolor dolor, tempus non, lacinia at, iaculis quis, pede. Praesent eu dui. Cum sociis natoque penatibus et magnis dis parturient montes, nascetur ridiculus mus. Aenean eget magna. Suspendisse tristique neque venenatis lacus. Etiam bibendum',4,94,1,14.53,3),(95,'eu lacus.','Phasellus dapibus quam quis diam. Pellentesque habitant morbi tristique senectus et netus et malesuada fames ac turpis egestas. Fusce aliquet',8,95,1,10.63,2),(96,'eleifend, nunc risus','justo nec ante. Maecenas mi felis, adipiscing fringilla, porttitor vulputate, posuere vulputate,',4,96,0,2.68,10),(97,'Cras dolor dolor,','auctor velit. Aliquam nisl. Nulla eu neque pellentesque massa lobortis ultrices. Vivamus rhoncus. Donec',4,97,1,8.98,1),(98,'quis arcu vel','malesuada augue ut lacus. Nulla tincidunt, neque vitae semper egestas, urna justo faucibus lectus, a sollicitudin orci sem eget massa. Suspendisse eleifend. Cras sed leo. Cras vehicula aliquet libero. Integer in magna. Phasellus dolor elit, pellentesque a, facilisis non, bibendum sed,',2,98,1,21.07,6),(99,'egestas blandit.','varius ultrices, mauris ipsum porta elit, a feugiat tellus lorem eu metus. In lorem. Donec elementum, lorem ut aliquam iaculis, lacus pede sagittis augue, eu tempor',6,99,1,17.12,5),(100,'eu odio','eu nulla at sem molestie sodales. Mauris blandit enim consequat purus. Maecenas libero est, congue a, aliquet vel, vulputate eu, odio.',2,100,1,37.59,2);
/*!40000 ALTER TABLE `food` ENABLE KEYS */;
UNLOCK TABLES;

--
-- Table structure for table `food_allergen`
--

DROP TABLE IF EXISTS `food_allergen`;
/*!40101 SET @saved_cs_client     = @@character_set_client */;
/*!50503 SET character_set_client = utf8mb4 */;
CREATE TABLE `food_allergen` (
  `food_ID` int NOT NULL,
  `allergen_ID` int NOT NULL,
  PRIMARY KEY (`food_ID`,`allergen_ID`),
  KEY `fk_fa_allergen_idx` (`allergen_ID`),
  CONSTRAINT `fk_fa_allergen` FOREIGN KEY (`allergen_ID`) REFERENCES `allergen` (`allergen_ID`),
  CONSTRAINT `fk_fa_food` FOREIGN KEY (`food_ID`) REFERENCES `food` (`food_ID`)
) ENGINE=InnoDB DEFAULT CHARSET=utf8mb4 COLLATE=utf8mb4_0900_ai_ci;
/*!40101 SET character_set_client = @saved_cs_client */;

--
-- Dumping data for table `food_allergen`
--

LOCK TABLES `food_allergen` WRITE;
/*!40000 ALTER TABLE `food_allergen` DISABLE KEYS */;
INSERT INTO `food_allergen` VALUES (19,1),(20,1),(32,1),(36,1),(51,1),(71,1),(89,1),(16,2),(45,2),(53,2),(54,2),(57,2),(63,2),(74,2),(82,2),(93,2),(54,3),(65,3),(67,3),(89,3),(31,4),(45,4),(61,4),(73,4),(87,4),(9,5),(21,5),(48,5),(64,5),(76,5),(82,5),(88,5),(91,5),(2,6),(23,6),(26,6),(35,6),(64,6),(74,6),(79,6),(95,6),(49,7),(83,7),(4,8),(35,8),(42,8),(64,8),(1,9),(5,9),(58,9),(3,10),(23,10),(25,10),(78,10),(81,10),(29,11),(49,11),(81,12),(9,13),(11,13),(24,13),(30,13),(39,13),(52,13),(63,13),(3,14),(61,14),(67,14),(74,14),(89,14);
/*!40000 ALTER TABLE `food_allergen` ENABLE KEYS */;
UNLOCK TABLES;

--
-- Table structure for table `food_type`
--

DROP TABLE IF EXISTS `food_type`;
/*!40101 SET @saved_cs_client     = @@character_set_client */;
/*!50503 SET character_set_client = utf8mb4 */;
CREATE TABLE `food_type` (
  `food_type_ID` int NOT NULL AUTO_INCREMENT,
  `name` varchar(45) NOT NULL,
  PRIMARY KEY (`food_type_ID`)
) ENGINE=InnoDB AUTO_INCREMENT=11 DEFAULT CHARSET=utf8mb4 COLLATE=utf8mb4_0900_ai_ci;
/*!40101 SET character_set_client = @saved_cs_client */;

--
-- Dumping data for table `food_type`
--

LOCK TABLES `food_type` WRITE;
/*!40000 ALTER TABLE `food_type` DISABLE KEYS */;
INSERT INTO `food_type` VALUES (1,'spanish'),(2,'italian'),(3,'chinese'),(4,'japanese'),(5,'burger'),(6,'kebab'),(7,'pizza'),(8,'hindu'),(9,'german'),(10,'breakfast');
/*!40000 ALTER TABLE `food_type` ENABLE KEYS */;
UNLOCK TABLES;

--
-- Table structure for table `holidays`
--

DROP TABLE IF EXISTS `holidays`;
/*!40101 SET @saved_cs_client     = @@character_set_client */;
/*!50503 SET character_set_client = utf8mb4 */;
CREATE TABLE `holidays` (
  `holiday` date NOT NULL,
  PRIMARY KEY (`holiday`)
) ENGINE=InnoDB DEFAULT CHARSET=utf8mb4 COLLATE=utf8mb4_0900_ai_ci;
/*!40101 SET character_set_client = @saved_cs_client */;

--
-- Dumping data for table `holidays`
--

LOCK TABLES `holidays` WRITE;
/*!40000 ALTER TABLE `holidays` DISABLE KEYS */;
INSERT INTO `holidays` VALUES ('2019-12-24'),('2020-04-02'),('2020-05-12'),('2020-05-14'),('2020-05-20'),('2020-07-13'),('2020-08-04'),('2020-08-10'),('2020-08-11'),('2020-09-01'),('2020-10-02'),('2020-10-30'),('2020-11-05'),('2020-12-20'),('2021-01-14'),('2021-01-21'),('2021-03-04'),('2021-03-07'),('2021-03-11'),('2021-04-09'),('2021-04-23'),('2021-05-05'),('2021-06-11'),('2021-07-23'),('2021-07-31'),('2021-09-20'),('2021-10-11'),('2021-11-04'),('2021-11-19'),('2021-11-23');
/*!40000 ALTER TABLE `holidays` ENABLE KEYS */;
UNLOCK TABLES;

--
-- Table structure for table `ingredient`
--

DROP TABLE IF EXISTS `ingredient`;
/*!40101 SET @saved_cs_client     = @@character_set_client */;
/*!50503 SET character_set_client = utf8mb4 */;
CREATE TABLE `ingredient` (
  `ingredient_ID` int NOT NULL AUTO_INCREMENT,
  `recipe_ID` int NOT NULL,
  `product_ID` int NOT NULL,
  `quantity` decimal(10,4) NOT NULL,
  PRIMARY KEY (`ingredient_ID`),
  KEY `fk_ingredient_recipe_idx` (`recipe_ID`),
  KEY `fk_ingredient_product_idx` (`product_ID`),
  CONSTRAINT `fk_ingredient_product` FOREIGN KEY (`product_ID`) REFERENCES `supplier_private`.`product` (`product_ID`) ON DELETE CASCADE ON UPDATE CASCADE,
  CONSTRAINT `fk_ingredient_recipe` FOREIGN KEY (`recipe_ID`) REFERENCES `recipe` (`recipe_ID`) ON DELETE CASCADE ON UPDATE CASCADE
) ENGINE=InnoDB AUTO_INCREMENT=301 DEFAULT CHARSET=utf8mb4 COLLATE=utf8mb4_0900_ai_ci;
/*!40101 SET character_set_client = @saved_cs_client */;

--
-- Dumping data for table `ingredient`
--

LOCK TABLES `ingredient` WRITE;
/*!40000 ALTER TABLE `ingredient` DISABLE KEYS */;
INSERT INTO `ingredient` VALUES (1,1,51,9.0000),(2,52,5,2.0000),(3,95,40,10.0000),(4,45,81,8.0000),(5,16,2,4.0000),(6,59,5,3.0000),(7,27,24,9.0000),(8,76,94,4.0000),(9,28,30,6.0000),(10,96,78,4.0000),(11,18,27,3.0000),(12,80,34,6.0000),(13,59,50,5.0000),(14,31,64,2.0000),(15,74,23,1.0000),(16,55,51,5.0000),(17,11,39,8.0000),(18,55,99,10.0000),(19,40,66,2.0000),(20,55,2,1.0000),(21,18,46,6.0000),(22,96,33,7.0000),(23,46,46,9.0000),(24,88,66,7.0000),(25,86,55,9.0000),(26,25,58,8.0000),(27,64,64,9.0000),(28,74,56,9.0000),(29,68,50,6.0000),(30,11,80,1.0000),(31,72,38,6.0000),(32,19,13,5.0000),(33,85,77,10.0000),(34,24,54,10.0000),(35,35,35,8.0000),(36,78,69,9.0000),(37,2,40,4.0000),(38,70,69,5.0000),(39,16,43,7.0000),(40,55,77,10.0000),(41,66,20,1.0000),(42,87,4,9.0000),(43,92,31,7.0000),(44,29,14,9.0000),(45,6,83,2.0000),(46,3,2,3.0000),(47,38,16,2.0000),(48,76,60,6.0000),(49,50,74,5.0000),(50,55,78,7.0000),(51,44,19,7.0000),(52,32,23,1.0000),(53,61,21,8.0000),(54,3,13,6.0000),(55,80,59,8.0000),(56,77,37,8.0000),(57,44,51,2.0000),(58,24,75,10.0000),(59,9,46,1.0000),(60,83,70,9.0000),(61,45,68,4.0000),(62,79,48,8.0000),(63,46,53,9.0000),(64,48,46,10.0000),(65,89,37,4.0000),(66,14,16,4.0000),(67,97,67,9.0000),(68,50,40,3.0000),(69,37,43,4.0000),(70,48,85,6.0000),(71,61,68,6.0000),(72,4,60,8.0000),(73,98,46,2.0000),(74,95,55,9.0000),(75,19,26,3.0000),(76,65,57,1.0000),(77,73,50,10.0000),(78,90,100,1.0000),(79,45,95,1.0000),(80,32,61,9.0000),(81,68,18,4.0000),(82,72,89,2.0000),(83,4,92,2.0000),(84,48,33,7.0000),(85,39,24,8.0000),(86,56,27,7.0000),(87,70,52,8.0000),(88,20,48,4.0000),(89,83,27,3.0000),(90,44,24,1.0000),(91,20,82,10.0000),(92,85,46,10.0000),(93,82,29,2.0000),(94,78,75,3.0000),(95,91,89,10.0000),(96,49,41,1.0000),(97,10,37,8.0000),(98,38,83,8.0000),(99,3,40,8.0000),(100,82,23,9.0000),(101,95,68,3.0000),(102,46,19,2.0000),(103,83,58,4.0000),(104,46,47,7.0000),(105,2,54,5.0000),(106,8,40,2.0000),(107,35,32,7.0000),(108,37,46,10.0000),(109,35,30,10.0000),(110,39,80,9.0000),(111,24,28,1.0000),(112,82,28,7.0000),(113,98,41,10.0000),(114,81,60,6.0000),(115,30,8,5.0000),(116,11,13,8.0000),(117,48,49,6.0000),(118,22,36,10.0000),(119,33,83,2.0000),(120,3,98,8.0000),(121,35,32,5.0000),(122,23,24,10.0000),(123,44,53,3.0000),(124,55,29,2.0000),(125,52,60,3.0000),(126,70,54,4.0000),(127,42,56,7.0000),(128,52,93,3.0000),(129,54,74,10.0000),(130,37,74,1.0000),(131,40,31,3.0000),(132,84,87,4.0000),(133,44,49,6.0000),(134,89,4,10.0000),(135,39,99,4.0000),(136,64,64,1.0000),(137,60,91,10.0000),(138,68,35,6.0000),(139,99,57,5.0000),(140,71,32,10.0000),(141,19,95,5.0000),(142,35,1,1.0000),(143,97,54,8.0000),(144,16,6,3.0000),(145,28,14,1.0000),(146,66,21,10.0000),(147,85,74,6.0000),(148,45,11,2.0000),(149,22,93,9.0000),(150,60,13,3.0000),(151,18,24,3.0000),(152,56,52,3.0000),(153,12,32,2.0000),(154,77,23,5.0000),(155,18,18,10.0000),(156,24,59,4.0000),(157,36,50,5.0000),(158,92,65,2.0000),(159,70,54,6.0000),(160,49,80,4.0000),(161,9,36,1.0000),(162,26,45,4.0000),(163,44,32,1.0000),(164,67,80,5.0000),(165,39,5,4.0000),(166,3,54,4.0000),(167,72,44,7.0000),(168,41,38,5.0000),(169,95,21,5.0000),(170,6,8,1.0000),(171,64,69,5.0000),(172,89,13,5.0000),(173,44,13,2.0000),(174,23,74,9.0000),(175,83,35,4.0000),(176,2,43,9.0000),(177,56,51,3.0000),(178,71,11,7.0000),(179,52,56,5.0000),(180,2,54,7.0000),(181,32,79,10.0000),(182,96,93,8.0000),(183,82,86,8.0000),(184,32,57,10.0000),(185,37,19,10.0000),(186,75,59,4.0000),(187,21,100,5.0000),(188,100,31,5.0000),(189,70,5,3.0000),(190,40,35,5.0000),(191,37,55,5.0000),(192,19,84,2.0000),(193,33,33,10.0000),(194,55,65,9.0000),(195,76,94,7.0000),(196,85,35,8.0000),(197,87,8,3.0000),(198,26,24,2.0000),(199,10,73,2.0000),(200,73,11,3.0000),(201,96,16,6.0000),(202,62,2,10.0000),(203,58,65,7.0000),(204,58,18,1.0000),(205,55,75,7.0000),(206,5,70,1.0000),(207,32,38,6.0000),(208,25,65,2.0000),(209,80,18,7.0000),(210,47,73,8.0000),(211,1,91,5.0000),(212,95,48,5.0000),(213,13,65,7.0000),(214,62,77,6.0000),(215,43,16,8.0000),(216,40,88,4.0000),(217,36,94,10.0000),(218,14,38,1.0000),(219,56,58,7.0000),(220,89,62,1.0000),(221,96,8,3.0000),(222,34,41,5.0000),(223,80,88,3.0000),(224,43,7,7.0000),(225,9,10,9.0000),(226,78,58,1.0000),(227,18,75,2.0000),(228,3,64,1.0000),(229,87,51,3.0000),(230,33,33,6.0000),(231,39,21,10.0000),(232,63,57,5.0000),(233,11,98,4.0000),(234,61,97,6.0000),(235,97,97,9.0000),(236,6,18,3.0000),(237,31,97,7.0000),(238,95,28,9.0000),(239,80,86,5.0000),(240,5,94,9.0000),(241,83,91,1.0000),(242,13,83,5.0000),(243,12,66,3.0000),(244,90,30,7.0000),(245,7,96,5.0000),(246,95,14,4.0000),(247,82,31,3.0000),(248,64,97,9.0000),(249,83,63,6.0000),(250,16,17,4.0000),(251,72,93,9.0000),(252,90,28,9.0000),(253,48,42,9.0000),(254,85,62,7.0000),(255,85,91,9.0000),(256,44,90,9.0000),(257,76,20,5.0000),(258,81,73,2.0000),(259,95,89,2.0000),(260,73,14,4.0000),(261,40,74,10.0000),(262,38,28,1.0000),(263,52,22,2.0000),(264,34,6,10.0000),(265,2,95,5.0000),(266,50,19,3.0000),(267,40,74,10.0000),(268,57,36,4.0000),(269,11,22,10.0000),(270,86,19,10.0000),(271,3,7,4.0000),(272,94,33,3.0000),(273,49,76,9.0000),(274,51,78,4.0000),(275,14,91,6.0000),(276,33,84,10.0000),(277,14,95,9.0000),(278,80,83,4.0000),(279,93,4,3.0000),(280,17,18,1.0000),(281,83,29,9.0000),(282,82,67,6.0000),(283,94,22,5.0000),(284,82,69,4.0000),(285,97,81,2.0000),(286,22,2,6.0000),(287,15,83,8.0000),(288,73,35,7.0000),(289,99,77,1.0000),(290,29,79,3.0000),(291,45,93,6.0000),(292,96,1,8.0000),(293,60,96,8.0000),(294,57,42,6.0000),(295,76,45,5.0000),(296,34,100,2.0000),(297,56,4,9.0000),(298,4,10,9.0000),(299,40,87,2.0000),(300,18,24,8.0000);
/*!40000 ALTER TABLE `ingredient` ENABLE KEYS */;
UNLOCK TABLES;

--
-- Table structure for table `meal_deal`
--

DROP TABLE IF EXISTS `meal_deal`;
/*!40101 SET @saved_cs_client     = @@character_set_client */;
/*!50503 SET character_set_client = utf8mb4 */;
CREATE TABLE `meal_deal` (
  `meal_deal_ID` int NOT NULL AUTO_INCREMENT,
  `name` varchar(45) NOT NULL,
  `description` varchar(500) DEFAULT NULL,
  `date_start` datetime DEFAULT NULL,
  `date_finish` datetime DEFAULT NULL,
  `price` decimal(5,2) unsigned DEFAULT NULL,
  `available` tinyint NOT NULL,
  PRIMARY KEY (`meal_deal_ID`)
) ENGINE=InnoDB AUTO_INCREMENT=21 DEFAULT CHARSET=utf8mb4 COLLATE=utf8mb4_0900_ai_ci;
/*!40101 SET character_set_client = @saved_cs_client */;

--
-- Dumping data for table `meal_deal`
--

LOCK TABLES `meal_deal` WRITE;
/*!40000 ALTER TABLE `meal_deal` DISABLE KEYS */;
INSERT INTO `meal_deal` VALUES (1,'euismod est','ac nulla. In tincidunt congue turpis. In condimentum. Donec at arcu. Vestibulum ante ipsum primis in faucibus orci luctus et ultrices posuere cubilia Curae; Donec tincidunt. Donec vitae erat vel pede blandit congue. In scelerisque scelerisque dui.','2021-10-21 00:00:00','2020-07-07 00:00:00',83.28,0),(2,'Duis sit','Proin vel arcu eu odio tristique pharetra. Quisque ac libero nec ligula consectetuer rhoncus. Nullam velit dui, semper et, lacinia vitae, sodales at, velit.','2021-07-22 00:00:00','2021-10-18 00:00:00',157.74,1),(3,'erat semper rutrum.','ante dictum cursus. Nunc mauris elit, dictum eu, eleifend nec, malesuada ut, sem. Nulla interdum. Curabitur dictum. Phasellus in felis. Nulla tempor augue ac ipsum. Phasellus vitae mauris sit amet lorem semper auctor. Mauris vel turpis. Aliquam adipiscing lobortis risus. In mi pede, nonummy ut, molestie in, tempus','2020-10-19 00:00:00','2020-11-03 00:00:00',168.23,0),(4,'Quisque tincidunt pede','Duis a mi fringilla mi lacinia mattis. Integer eu lacus. Quisque imperdiet, erat nonummy ultricies ornare, elit elit fermentum risus, at fringilla purus mauris a nunc. In at pede. Cras','2021-05-17 00:00:00','2020-06-03 00:00:00',29.69,1),(5,'vulputate,','natoque penatibus et magnis dis parturient montes, nascetur ridiculus mus. Proin vel','2021-10-27 00:00:00','2021-05-17 00:00:00',187.99,1),(6,'magna.','arcu et pede. Nunc sed orci lobortis augue scelerisque mollis. Phasellus libero mauris, aliquam','2021-08-02 00:00:00','2021-01-11 00:00:00',34.70,0),(7,'parturient montes, nascetur','mi lacinia mattis. Integer eu lacus. Quisque imperdiet, erat nonummy ultricies ornare, elit elit fermentum risus, at fringilla purus mauris a nunc. In at pede. Cras vulputate velit eu sem. Pellentesque ut','2021-09-03 00:00:00','2021-08-03 00:00:00',141.71,1),(8,'eleifend','Nulla facilisi. Sed neque. Sed eget lacus. Mauris non dui','2020-09-17 00:00:00','2020-06-27 00:00:00',194.75,0),(9,'commodo','elementum, dui quis accumsan convallis, ante lectus convallis est, vitae sodales nisi magna sed dui. Fusce aliquam, enim nec tempus scelerisque, lorem ipsum sodales purus, in molestie tortor nibh sit amet orci. Ut sagittis lobortis mauris. Suspendisse aliquet molestie tellus. Aenean egestas hendrerit','2021-06-11 00:00:00','2020-04-19 00:00:00',109.42,1),(10,'pharetra nibh. Aliquam','Mauris ut quam vel sapien imperdiet ornare. In faucibus. Morbi vehicula. Pellentesque tincidunt tempus risus. Donec egestas. Duis ac arcu. Nunc mauris. Morbi non sapien','2021-12-15 00:00:00','2021-08-03 00:00:00',194.06,0),(11,'sit amet, dapibus','non, feugiat nec, diam. Duis mi enim, condimentum eget, volutpat ornare, facilisis eget, ipsum. Donec sollicitudin adipiscing ligula. Aenean gravida nunc sed pede. Cum sociis','2020-11-18 00:00:00','2021-07-05 00:00:00',NULL,0),(12,'congue turpis.','Mauris blandit enim consequat purus. Maecenas libero est, congue a, aliquet vel, vulputate eu, odio. Phasellus at augue id ante dictum cursus. Nunc mauris elit, dictum eu, eleifend nec, malesuada ut, sem. Nulla interdum. Curabitur dictum. Phasellus in felis.','2020-01-31 00:00:00','2020-09-13 00:00:00',NULL,0),(13,'Aliquam ornare,','et tristique pellentesque, tellus sem mollis dui, in sodales elit erat vitae risus. Duis a mi fringilla mi lacinia mattis. Integer eu lacus. Quisque imperdiet, erat nonummy ultricies ornare, elit elit fermentum risus,','2020-10-26 00:00:00','2021-10-31 00:00:00',NULL,1),(14,'quis arcu vel','ultrices. Duis volutpat nunc sit amet metus. Aliquam erat volutpat. Nulla facilisis. Suspendisse commodo tincidunt nibh. Phasellus nulla. Integer vulputate, risus a ultricies adipiscing, enim','2020-06-21 00:00:00','2021-06-16 00:00:00',NULL,0),(15,'sit','conubia nostra, per inceptos hymenaeos. Mauris ut quam vel sapien imperdiet ornare. In faucibus. Morbi vehicula. Pellentesque tincidunt tempus risus. Donec egestas. Duis ac arcu. Nunc mauris. Morbi non sapien molestie orci tincidunt adipiscing. Mauris molestie pharetra nibh. Aliquam ornare, libero at','2021-11-01 00:00:00','2021-09-02 00:00:00',NULL,0),(16,'arcu. Vivamus sit','a, malesuada id, erat. Etiam vestibulum massa rutrum magna. Cras convallis convallis dolor. Quisque tincidunt pede ac urna. Ut tincidunt vehicula risus. Nulla eget metus eu erat semper rutrum. Fusce dolor quam, elementum at, egestas a, scelerisque sed, sapien. Nunc pulvinar arcu','2021-03-02 00:00:00','2021-02-20 00:00:00',NULL,1),(17,'mattis','dignissim. Maecenas ornare egestas ligula. Nullam feugiat placerat velit. Quisque varius. Nam porttitor scelerisque neque. Nullam nisl. Maecenas malesuada fringilla est. Mauris','2021-01-10 00:00:00','2020-10-27 00:00:00',NULL,1),(18,'semper erat, in','nulla. Integer urna. Vivamus molestie dapibus ligula. Aliquam erat volutpat. Nulla dignissim. Maecenas ornare egestas ligula. Nullam feugiat placerat velit. Quisque varius. Nam porttitor scelerisque neque. Nullam nisl. Maecenas malesuada fringilla est. Mauris eu turpis. Nulla aliquet. Proin velit.','2021-05-26 00:00:00','2020-12-31 00:00:00',NULL,1),(19,'sollicitudin a, malesuada','tempor augue ac ipsum. Phasellus vitae mauris sit amet lorem semper auctor. Mauris vel turpis. Aliquam adipiscing lobortis risus. In mi pede, nonummy ut, molestie in, tempus eu, ligula. Aenean euismod mauris eu elit.','2020-12-18 00:00:00','2020-02-21 00:00:00',NULL,0),(20,'consectetuer','eu arcu. Morbi sit amet massa. Quisque porttitor eros nec tellus. Nunc lectus pede, ultrices a, auctor non, feugiat nec, diam. Duis mi enim, condimentum eget, volutpat ornare, facilisis eget, ipsum. Donec sollicitudin','2020-04-14 00:00:00','2021-09-19 00:00:00',NULL,1);
/*!40000 ALTER TABLE `meal_deal` ENABLE KEYS */;
UNLOCK TABLES;

--
-- Table structure for table `meal_deal_item`
--

DROP TABLE IF EXISTS `meal_deal_item`;
/*!40101 SET @saved_cs_client     = @@character_set_client */;
/*!50503 SET character_set_client = utf8mb4 */;
CREATE TABLE `meal_deal_item` (
  `meal_deal_ID` int NOT NULL AUTO_INCREMENT,
  `food_ID` int NOT NULL,
  `quantity` int NOT NULL,
  `discount` decimal(4,2) DEFAULT NULL,
  PRIMARY KEY (`meal_deal_ID`,`food_ID`),
  KEY `fk_meal_deal_food_idx` (`food_ID`),
  CONSTRAINT `fk_meal_deal_item_food` FOREIGN KEY (`food_ID`) REFERENCES `food` (`food_ID`) ON DELETE CASCADE ON UPDATE CASCADE,
  CONSTRAINT `fk_meal_deal_item_meal_deal` FOREIGN KEY (`meal_deal_ID`) REFERENCES `meal_deal` (`meal_deal_ID`) ON DELETE CASCADE ON UPDATE CASCADE
) ENGINE=InnoDB AUTO_INCREMENT=20 DEFAULT CHARSET=utf8mb4 COLLATE=utf8mb4_0900_ai_ci;
/*!40101 SET character_set_client = @saved_cs_client */;

--
-- Dumping data for table `meal_deal_item`
--

LOCK TABLES `meal_deal_item` WRITE;
/*!40000 ALTER TABLE `meal_deal_item` DISABLE KEYS */;
INSERT INTO `meal_deal_item` VALUES (1,72,4,NULL),(1,91,2,NULL),(1,96,1,NULL),(2,18,1,NULL),(2,39,1,NULL),(2,88,1,NULL),(3,23,3,NULL),(3,24,5,NULL),(3,58,3,NULL),(3,85,3,NULL),(4,65,5,NULL),(4,74,5,NULL),(4,81,1,NULL),(4,85,3,NULL),(5,2,5,NULL),(6,19,3,NULL),(6,25,2,NULL),(6,36,5,NULL),(6,64,3,NULL),(6,93,1,NULL),(7,22,4,NULL),(7,81,5,NULL),(8,57,3,NULL),(8,65,2,NULL),(8,87,2,NULL),(9,45,4,NULL),(10,2,3,NULL),(10,6,2,NULL),(10,13,3,NULL),(10,46,3,NULL),(11,69,2,25.00),(11,87,3,10.00),(12,3,5,15.00),(12,8,4,35.00),(12,35,5,10.00),(12,78,4,15.00),(12,95,5,5.00),(13,49,3,35.00),(13,53,5,5.00),(13,100,1,35.00),(14,56,2,5.00),(15,21,1,15.00),(15,23,2,25.00),(15,56,2,15.00),(16,28,5,15.00),(16,58,2,15.00),(16,59,5,50.00),(16,63,4,10.00),(16,67,5,10.00),(16,89,4,50.00),(17,10,2,35.00),(18,7,5,50.00),(18,42,4,5.00),(18,44,1,5.00),(18,64,4,10.00),(18,82,2,50.00),(18,86,1,50.00),(19,22,3,10.00),(19,37,5,5.00),(19,87,4,5.00);
/*!40000 ALTER TABLE `meal_deal_item` ENABLE KEYS */;
UNLOCK TABLES;

--
-- Table structure for table `menu`
--

DROP TABLE IF EXISTS `menu`;
/*!40101 SET @saved_cs_client     = @@character_set_client */;
/*!50503 SET character_set_client = utf8mb4 */;
CREATE TABLE `menu` (
  `menu_ID` int NOT NULL AUTO_INCREMENT,
  `name` varchar(45) NOT NULL,
  `description` varchar(500) DEFAULT NULL,
  `date_start` datetime DEFAULT NULL,
  `date_finish` datetime DEFAULT NULL,
  `available` tinyint NOT NULL,
  PRIMARY KEY (`menu_ID`)
) ENGINE=InnoDB AUTO_INCREMENT=11 DEFAULT CHARSET=utf8mb4 COLLATE=utf8mb4_0900_ai_ci;
/*!40101 SET character_set_client = @saved_cs_client */;

--
-- Dumping data for table `menu`
--

LOCK TABLES `menu` WRITE;
/*!40000 ALTER TABLE `menu` DISABLE KEYS */;
INSERT INTO `menu` VALUES (1,'euismod','amet lorem semper auctor. Mauris vel turpis. Aliquam adipiscing lobortis risus. In mi pede, nonummy ut, molestie in, tempus eu, ligula. Aenean euismod mauris eu elit. Nulla facilisi. Sed neque. Sed eget lacus. Mauris non dui nec','2021-01-18 00:00:00','2019-12-23 00:00:00',0),(2,'ut, nulla. Cras eu','elit, a feugiat tellus lorem eu metus. In lorem. Donec elementum, lorem ut aliquam iaculis, lacus pede sagittis augue, eu tempor erat neque non quam. Pellentesque habitant morbi tristique senectus et netus et malesuada fames ac turpis egestas. Aliquam','2020-10-04 00:00:00','2021-04-24 00:00:00',1),(3,'pharetra sed,','scelerisque neque sed sem egestas blandit. Nam nulla magna, malesuada vel, convallis in, cursus et, eros. Proin ultrices. Duis','2020-06-28 00:00:00','2020-09-02 00:00:00',1),(4,'nibh. Aliquam ornare,','arcu vel quam dignissim pharetra. Nam ac nulla. In tincidunt congue turpis. In condimentum. Donec at arcu. Vestibulum ante ipsum primis in faucibus orci luctus et ultrices posuere cubilia Curae; Donec tincidunt. Donec vitae erat vel pede','2020-08-27 00:00:00','2021-10-28 00:00:00',1),(5,'quis diam. Pellentesque','dui. Cum sociis natoque penatibus et magnis dis parturient montes, nascetur ridiculus mus. Aenean eget magna. Suspendisse tristique neque venenatis lacus. Etiam bibendum fermentum metus.','2021-07-07 00:00:00','2021-08-22 00:00:00',1),(6,'Maecenas iaculis','tellus. Aenean egestas hendrerit neque. In ornare sagittis felis. Donec tempor, est ac mattis semper, dui lectus rutrum urna, nec luctus felis','2021-09-30 00:00:00','2021-06-08 00:00:00',0),(7,'magnis dis parturient','fermentum vel, mauris. Integer sem elit, pharetra ut, pharetra sed, hendrerit a, arcu. Sed et libero. Proin mi. Aliquam gravida mauris ut mi. Duis risus odio, auctor vitae, aliquet nec, imperdiet nec, leo. Morbi neque tellus, imperdiet non, vestibulum nec,','2021-10-11 00:00:00','2020-06-30 00:00:00',1),(8,'facilisis lorem','vitae, erat. Vivamus nisi. Mauris nulla. Integer urna. Vivamus molestie dapibus ligula. Aliquam erat volutpat. Nulla dignissim. Maecenas ornare egestas ligula. Nullam feugiat placerat velit. Quisque varius. Nam porttitor scelerisque neque. Nullam nisl. Maecenas malesuada fringilla','2021-06-19 00:00:00','2021-09-23 00:00:00',0),(9,'ultrices,','Morbi non sapien molestie orci tincidunt adipiscing. Mauris molestie pharetra nibh. Aliquam ornare, libero at auctor ullamcorper, nisl arcu iaculis enim, sit amet ornare lectus justo','2021-11-23 00:00:00','2020-06-06 00:00:00',1),(10,'cursus luctus, ipsum','eget, dictum placerat, augue. Sed molestie. Sed id risus quis diam luctus lobortis. Class aptent taciti sociosqu ad litora torquent per conubia nostra, per inceptos hymenaeos. Mauris ut quam vel sapien imperdiet ornare. In faucibus. Morbi vehicula. Pellentesque tincidunt tempus risus. Donec egestas. Duis ac','2021-07-07 00:00:00','2021-03-19 00:00:00',1);
/*!40000 ALTER TABLE `menu` ENABLE KEYS */;
UNLOCK TABLES;

--
-- Table structure for table `menu_category`
--

DROP TABLE IF EXISTS `menu_category`;
/*!40101 SET @saved_cs_client     = @@character_set_client */;
/*!50503 SET character_set_client = utf8mb4 */;
CREATE TABLE `menu_category` (
  `category_ID` int NOT NULL AUTO_INCREMENT,
  `name` varchar(45) NOT NULL,
  PRIMARY KEY (`category_ID`)
) ENGINE=InnoDB AUTO_INCREMENT=9 DEFAULT CHARSET=utf8mb4 COLLATE=utf8mb4_0900_ai_ci;
/*!40101 SET character_set_client = @saved_cs_client */;

--
-- Dumping data for table `menu_category`
--

LOCK TABLES `menu_category` WRITE;
/*!40000 ALTER TABLE `menu_category` DISABLE KEYS */;
INSERT INTO `menu_category` VALUES (1,'starters'),(2,'drinks'),(3,'hot drinks'),(4,'coffee & tea'),(5,'main dishes'),(6,'sides'),(7,'desserts'),(8,'cocktails');
/*!40000 ALTER TABLE `menu_category` ENABLE KEYS */;
UNLOCK TABLES;

--
-- Table structure for table `menu_item`
--

DROP TABLE IF EXISTS `menu_item`;
/*!40101 SET @saved_cs_client     = @@character_set_client */;
/*!50503 SET character_set_client = utf8mb4 */;
CREATE TABLE `menu_item` (
  `menu_ID` int NOT NULL,
  `food_ID` int NOT NULL,
  PRIMARY KEY (`menu_ID`,`food_ID`),
  KEY `fk_menu_item_food_idx` (`food_ID`),
  KEY `fk_menu_item_menu_idx` (`menu_ID`),
  CONSTRAINT `fk_menu_item_food` FOREIGN KEY (`food_ID`) REFERENCES `food` (`food_ID`) ON DELETE CASCADE ON UPDATE CASCADE,
  CONSTRAINT `fk_menu_item_menu` FOREIGN KEY (`menu_ID`) REFERENCES `menu` (`menu_ID`) ON DELETE CASCADE ON UPDATE CASCADE,
  CONSTRAINT `FKpcpbmfmmao2saahcdajqppfvb` FOREIGN KEY (`food_ID`) REFERENCES `food` (`food_ID`)
) ENGINE=InnoDB DEFAULT CHARSET=utf8mb4 COLLATE=utf8mb4_0900_ai_ci;
/*!40101 SET character_set_client = @saved_cs_client */;

--
-- Dumping data for table `menu_item`
--

LOCK TABLES `menu_item` WRITE;
/*!40000 ALTER TABLE `menu_item` DISABLE KEYS */;
INSERT INTO `menu_item` VALUES (1,1),(2,1),(5,1),(8,2),(1,3),(7,3),(2,4),(1,5),(4,5),(7,5),(7,6),(3,7),(4,7),(5,7),(9,7),(2,8),(5,8),(3,9),(4,9),(5,9),(7,9),(8,9),(2,10),(10,10),(7,11),(2,12),(6,13),(8,14),(7,15),(5,17),(8,17),(9,17),(10,17),(3,18),(6,18),(9,18),(5,19),(1,20),(8,20),(3,21),(7,21),(9,21),(3,22),(2,23),(10,23),(1,24),(8,24),(10,24),(3,25),(8,25),(1,26),(6,26),(7,26),(8,26),(1,27),(6,27),(2,28),(3,28),(4,28),(10,28),(6,29),(4,30),(8,30),(5,31),(6,31),(8,31),(3,32),(10,32),(4,33),(6,33),(8,33),(5,34),(8,34),(3,35),(8,35),(10,35),(2,36),(4,36),(1,37),(4,37),(5,37),(6,38),(8,38),(3,39),(5,39),(7,39),(9,39),(5,40),(7,40),(1,41),(4,41),(4,42),(1,43),(3,43),(4,43),(7,43),(6,44),(7,44),(8,44),(6,45),(1,46),(4,46),(4,48),(5,48),(8,48),(3,49),(9,49),(9,50),(10,50),(1,51),(4,51),(7,51),(9,51),(1,52),(3,52),(5,52),(9,52),(2,53),(5,53),(10,53),(6,54),(7,54),(5,55),(9,55),(1,56),(5,56),(7,56),(8,56),(6,57),(1,58),(3,58),(5,58),(2,59),(6,59),(2,60),(3,60),(4,60),(7,60),(9,60),(3,61),(4,61),(9,61),(4,62),(5,62),(6,62),(7,62),(9,62),(7,63),(3,64),(7,65),(9,65),(10,65),(1,66),(3,66),(9,66),(10,66),(2,67),(8,67),(9,67),(2,68),(4,68),(9,68),(3,69),(8,69),(4,70),(5,70),(7,70),(5,71),(7,71),(3,72),(6,72),(3,73),(8,73),(3,74),(9,74),(5,75),(8,75),(2,76),(4,76),(1,77),(4,77),(3,78),(4,78),(5,78),(10,78),(7,79),(3,80),(4,80),(5,80),(7,81),(10,81),(5,82),(10,82),(5,83),(4,84),(9,84),(4,85),(1,86),(10,86),(1,88),(4,88),(6,88),(8,88),(10,88),(3,89),(6,89),(4,90),(8,90),(10,90),(3,91),(8,91),(3,92),(1,93),(3,94),(9,95),(10,95),(5,96),(6,96),(7,96),(9,96),(5,97),(2,98),(7,98),(8,99),(8,100);
/*!40000 ALTER TABLE `menu_item` ENABLE KEYS */;
UNLOCK TABLES;

--
-- Table structure for table `offer`
--

DROP TABLE IF EXISTS `offer`;
/*!40101 SET @saved_cs_client     = @@character_set_client */;
/*!50503 SET character_set_client = utf8mb4 */;
CREATE TABLE `offer` (
  `offer_ID` int NOT NULL AUTO_INCREMENT,
  `name` varchar(150) DEFAULT NULL,
  `description` varchar(250) DEFAULT NULL,
  `discount` decimal(4,2) unsigned NOT NULL,
  `condition` varchar(250) DEFAULT NULL,
  `duration` int unsigned DEFAULT NULL,
  PRIMARY KEY (`offer_ID`)
) ENGINE=InnoDB AUTO_INCREMENT=41 DEFAULT CHARSET=utf8mb4 COLLATE=utf8mb4_0900_ai_ci;
/*!40101 SET character_set_client = @saved_cs_client */;

--
-- Dumping data for table `offer`
--

LOCK TABLES `offer` WRITE;
/*!40000 ALTER TABLE `offer` DISABLE KEYS */;
INSERT INTO `offer` VALUES (1,'ante. Nunc mauris sapien, cursus',NULL,25.00,NULL,13),(2,'id ante',NULL,10.00,NULL,54),(3,'sem',NULL,25.00,NULL,75),(4,'sit amet luctus',NULL,10.00,NULL,36),(5,'In at pede. Cras vulputate',NULL,50.00,NULL,20),(6,'dignissim',NULL,10.00,NULL,50),(7,'urna, nec luctus felis',NULL,10.00,NULL,44),(8,'lectus',NULL,35.00,NULL,83),(9,'scelerisque',NULL,35.00,NULL,26),(10,'vel quam dignissim',NULL,25.00,NULL,80),(11,'id, ante. Nunc mauris',NULL,10.00,NULL,42),(12,'gravida. Praesent eu nulla',NULL,50.00,NULL,85),(13,'lacus. Etiam',NULL,15.00,NULL,16),(14,'pellentesque massa lobortis',NULL,35.00,NULL,56),(15,'vitae sodales nisi magna sed',NULL,15.00,NULL,85),(16,'a tortor. Nunc commodo',NULL,25.00,NULL,46),(17,'ullamcorper magna. Sed eu',NULL,15.00,NULL,89),(18,'lectus pede, ultrices',NULL,35.00,NULL,64),(19,'velit. Pellentesque ultricies dignissim lacus.',NULL,35.00,NULL,86),(20,'a tortor. Nunc',NULL,10.00,NULL,24),(21,'Cras sed leo.',NULL,15.00,NULL,53),(22,'tempor, est',NULL,15.00,NULL,67),(23,'magna.',NULL,35.00,NULL,79),(24,'ut',NULL,35.00,NULL,88),(25,'bibendum',NULL,10.00,NULL,67),(26,'sit amet, consectetuer adipiscing',NULL,10.00,NULL,41),(27,'amet, consectetuer',NULL,10.00,NULL,50),(28,'magna a neque. Nullam',NULL,15.00,NULL,38),(29,'dolor. Fusce feugiat. Lorem ipsum',NULL,15.00,NULL,90),(30,'massa. Quisque porttitor',NULL,10.00,NULL,63),(31,'est mauris,',NULL,10.00,NULL,42),(32,'eget metus. In nec orci.',NULL,10.00,NULL,47),(33,'mi. Duis risus odio,',NULL,35.00,NULL,73),(34,'libero. Donec',NULL,25.00,NULL,77),(35,'mauris,',NULL,50.00,NULL,51),(36,'tempor diam',NULL,50.00,NULL,27),(37,'lectus pede et risus.',NULL,35.00,NULL,16),(38,'nunc',NULL,10.00,NULL,23),(39,'libero',NULL,15.00,NULL,27),(40,'ut ipsum',NULL,10.00,NULL,58);
/*!40000 ALTER TABLE `offer` ENABLE KEYS */;
UNLOCK TABLES;

--
-- Table structure for table `product`
--

DROP TABLE IF EXISTS `product`;
/*!40101 SET @saved_cs_client     = @@character_set_client */;
/*!50503 SET character_set_client = utf8mb4 */;
CREATE TABLE `product` (
  `product_ID` int NOT NULL AUTO_INCREMENT,
  `name` varchar(45) NOT NULL,
  `description` varchar(500) DEFAULT NULL,
  `brand` varchar(45) NOT NULL,
  `price` decimal(7,2) unsigned NOT NULL,
  `category` int NOT NULL,
  `nearest_delivery` datetime DEFAULT NULL,
  `stock` decimal(10,4) NOT NULL,
  `units` int NOT NULL,
  PRIMARY KEY (`product_ID`),
  KEY `fk_product_category_idx` (`category`),
  KEY `fk_product_units_idx` (`units`),
  CONSTRAINT `fk_product_category` FOREIGN KEY (`category`) REFERENCES `product_category` (`category_ID`),
  CONSTRAINT `fk_product_units` FOREIGN KEY (`units`) REFERENCES `units` (`unit_ID`)
) ENGINE=InnoDB AUTO_INCREMENT=101 DEFAULT CHARSET=utf8mb4 COLLATE=utf8mb4_0900_ai_ci;
/*!40101 SET character_set_client = @saved_cs_client */;

--
-- Dumping data for table `product`
--

LOCK TABLES `product` WRITE;
/*!40000 ALTER TABLE `product` DISABLE KEYS */;
INSERT INTO `product` VALUES (1,'Duis sit','luctus ut, pellentesque eget, dictum placerat, augue. Sed molestie. Sed id risus quis diam luctus lobortis. Class aptent taciti sociosqu ad litora torquent per conubia nostra, per inceptos hymenaeos. Mauris ut quam vel sapien imperdiet ornare. In faucibus. Morbi vehicula. Pellentesque tincidunt tempus risus. Donec egestas. Duis','velit. Pellentesque',29.07,13,'2020-03-30 22:29:59',693.0000,4),(2,'euismod in,','non justo. Proin non massa non ante bibendum ullamcorper. Duis cursus, diam at pretium aliquet, metus urna convallis erat, eget tincidunt dui augue','id,',52.25,1,'2021-06-28 07:58:37',999.0000,5),(3,'Nulla','euismod ac, fermentum vel, mauris. Integer sem elit, pharetra ut, pharetra sed, hendrerit a, arcu. Sed et libero. Proin mi. Aliquam gravida mauris ut mi. Duis risus odio, auctor vitae, aliquet nec, imperdiet nec, leo.','Sed',23.35,19,'2021-01-05 14:11:01',115.0000,4),(4,'sem. Nulla interdum.','turpis vitae purus gravida sagittis. Duis gravida. Praesent eu nulla at sem molestie sodales. Mauris blandit enim consequat purus. Maecenas libero est, congue a, aliquet vel, vulputate eu, odio. Phasellus at augue id ante dictum cursus. Nunc mauris elit, dictum','dapibus id,',68.52,6,'2021-10-11 22:38:49',23.0000,1),(5,'gravida sagittis. Duis','ut nisi a odio semper cursus. Integer mollis. Integer tincidunt aliquam arcu. Aliquam ultrices iaculis odio. Nam interdum enim non nisi. Aenean eget metus. In nec orci. Donec nibh. Quisque nonummy ipsum non arcu. Vivamus sit amet risus. Donec egestas. Aliquam nec enim. Nunc ut','ullamcorper. Duis',39.59,6,'2019-12-26 05:40:12',772.0000,5),(6,'elit sed consequat','et magnis dis parturient montes, nascetur ridiculus mus. Proin vel arcu eu odio tristique pharetra. Quisque ac libero nec ligula consectetuer rhoncus. Nullam velit dui,','nonummy ac, feugiat',70.12,8,'2021-02-07 15:53:37',214.0000,6),(7,'sed orci lobortis','faucibus id, libero. Donec consectetuer mauris id sapien. Cras dolor dolor, tempus non,','posuere',56.94,2,'2021-01-18 18:04:26',696.0000,6),(8,'Curabitur','Suspendisse aliquet molestie tellus. Aenean egestas hendrerit neque. In ornare sagittis felis. Donec tempor, est ac mattis','nibh. Donec',89.54,13,'2021-12-20 14:08:49',640.0000,3),(9,'augue','Quisque varius. Nam porttitor scelerisque neque. Nullam nisl. Maecenas malesuada fringilla est. Mauris eu turpis. Nulla aliquet. Proin velit. Sed malesuada augue ut lacus. Nulla tincidunt, neque vitae semper egestas, urna justo faucibus lectus, a sollicitudin orci sem eget massa. Suspendisse eleifend. Cras sed leo. Cras vehicula','sodales purus, in',37.30,1,'2020-03-22 23:49:36',520.0000,4),(10,'ac','Sed auctor odio a purus. Duis elementum, dui quis accumsan convallis, ante lectus convallis est, vitae sodales nisi magna sed dui. Fusce aliquam, enim nec tempus scelerisque, lorem ipsum sodales purus, in molestie tortor nibh sit amet orci. Ut sagittis lobortis mauris. Suspendisse aliquet','penatibus et',27.11,5,'2021-05-11 16:37:27',39.0000,3),(11,'rutrum eu,','ut lacus. Nulla tincidunt, neque vitae semper egestas, urna justo faucibus lectus, a sollicitudin orci sem eget massa. Suspendisse eleifend. Cras sed leo. Cras vehicula aliquet libero. Integer in magna. Phasellus dolor elit, pellentesque a, facilisis non, bibendum sed, est. Nunc laoreet lectus quis massa.','orci',99.17,2,'2020-07-13 06:03:17',416.0000,7),(12,'Praesent luctus.','Nullam nisl. Maecenas malesuada fringilla est. Mauris eu turpis. Nulla aliquet. Proin velit. Sed malesuada augue ut lacus. Nulla tincidunt, neque vitae semper egestas,','Mauris',89.07,11,'2021-12-01 15:59:08',55.0000,4),(13,'Curabitur sed tortor.','eu, eleifend nec, malesuada ut, sem. Nulla interdum. Curabitur dictum. Phasellus in felis. Nulla tempor augue ac ipsum. Phasellus vitae mauris sit amet lorem semper auctor. Mauris vel turpis. Aliquam adipiscing lobortis risus. In mi','ac',35.76,9,'2021-04-22 18:54:22',685.0000,6),(14,'Ut','Donec nibh. Quisque nonummy ipsum non arcu. Vivamus sit amet risus. Donec egestas. Aliquam nec enim. Nunc ut erat. Sed nunc est, mollis non, cursus non, egestas a, dui. Cras pellentesque. Sed dictum. Proin eget odio.','Sed molestie.',52.90,12,'2021-07-04 20:16:40',155.0000,4),(15,'Nunc','Aenean euismod mauris eu elit. Nulla facilisi. Sed neque. Sed eget lacus. Mauris non dui nec urna suscipit nonummy. Fusce fermentum fermentum arcu. Vestibulum ante ipsum primis in faucibus orci luctus et ultrices posuere','ac urna.',76.92,15,'2020-08-07 15:40:20',672.0000,2),(16,'nec orci. Donec','hymenaeos. Mauris ut quam vel sapien imperdiet ornare. In faucibus. Morbi vehicula. Pellentesque tincidunt tempus risus. Donec egestas. Duis ac arcu. Nunc mauris. Morbi non sapien molestie orci tincidunt adipiscing. Mauris molestie pharetra nibh. Aliquam ornare,','quis turpis vitae',99.86,6,'2020-10-27 03:12:47',244.0000,1),(17,'pede.','Quisque varius. Nam porttitor scelerisque neque. Nullam nisl. Maecenas malesuada fringilla est. Mauris eu turpis. Nulla aliquet. Proin velit. Sed','Phasellus in felis.',80.86,21,'2020-07-09 10:02:25',632.0000,2),(18,'tempus mauris erat','magna. Suspendisse tristique neque venenatis lacus. Etiam bibendum fermentum metus. Aenean sed pede nec ante blandit viverra. Donec tempus, lorem fringilla ornare placerat, orci lacus vestibulum lorem, sit amet','dolor, nonummy',16.58,18,'2020-01-05 01:48:00',786.0000,7),(19,'interdum ligula eu','sed dolor. Fusce mi lorem, vehicula et, rutrum eu, ultrices sit amet, risus. Donec nibh enim, gravida sit amet, dapibus id, blandit at, nisi. Cum sociis natoque penatibus et magnis dis parturient montes, nascetur ridiculus mus. Proin','iaculis nec,',58.31,17,'2020-05-10 20:26:38',58.0000,3),(20,'ligula. Nullam','sit amet, faucibus ut, nulla. Cras eu tellus eu augue porttitor interdum. Sed auctor odio a purus. Duis elementum, dui quis accumsan convallis, ante lectus convallis est, vitae sodales nisi magna','enim,',8.82,13,'2020-05-23 11:14:54',452.0000,4),(21,'magna.','eget mollis lectus pede et risus. Quisque libero lacus, varius et, euismod et, commodo at, libero. Morbi accumsan laoreet ipsum. Curabitur consequat, lectus sit amet luctus vulputate, nisi','velit justo',40.39,16,'2021-03-15 17:54:59',672.0000,4),(22,'mi, ac','felis orci, adipiscing non, luctus sit amet, faucibus ut, nulla. Cras eu tellus eu augue porttitor interdum.','at',86.73,13,'2020-01-21 06:27:35',245.0000,5),(23,'ligula','nibh lacinia orci, consectetuer euismod est arcu ac orci. Ut semper pretium neque. Morbi quis urna. Nunc quis arcu vel quam dignissim pharetra. Nam ac nulla. In tincidunt congue','ultrices sit',59.07,3,'2020-04-15 20:59:55',861.0000,1),(24,'lectus. Cum','consectetuer euismod est arcu ac orci. Ut semper pretium neque. Morbi quis urna. Nunc quis arcu vel quam dignissim pharetra. Nam ac nulla. In tincidunt congue turpis.','conubia',30.37,20,'2021-04-03 17:27:13',516.0000,1),(25,'nisi a','scelerisque neque. Nullam nisl. Maecenas malesuada fringilla est. Mauris eu turpis. Nulla aliquet. Proin velit. Sed malesuada augue ut lacus. Nulla tincidunt, neque vitae semper egestas, urna justo faucibus lectus, a sollicitudin orci sem eget massa. Suspendisse eleifend. Cras sed leo. Cras vehicula aliquet','eu, placerat',20.64,2,'2020-08-01 14:41:10',926.0000,5),(26,'aliquam arcu. Aliquam','Suspendisse commodo tincidunt nibh. Phasellus nulla. Integer vulputate, risus a ultricies adipiscing, enim mi tempor lorem, eget mollis lectus pede et risus. Quisque libero lacus, varius et, euismod et, commodo at, libero. Morbi accumsan laoreet ipsum. Curabitur consequat, lectus sit amet luctus vulputate,','ultrices. Vivamus rhoncus.',95.40,18,'2021-06-13 09:40:08',123.0000,1),(27,'augue malesuada malesuada.','in, tempus eu, ligula. Aenean euismod mauris eu elit. Nulla facilisi. Sed neque. Sed eget lacus. Mauris','elementum',10.35,6,'2021-05-25 03:11:01',366.0000,2),(28,'magna. Ut','feugiat tellus lorem eu metus. In lorem. Donec elementum, lorem ut aliquam iaculis, lacus pede sagittis augue, eu tempor erat neque','in',92.65,11,'2020-06-28 07:48:50',848.0000,4),(29,'blandit','Pellentesque ut ipsum ac mi eleifend egestas. Sed pharetra, felis eget varius ultrices, mauris ipsum porta elit, a feugiat tellus lorem eu metus. In lorem. Donec elementum, lorem ut','ligula elit,',94.46,8,'2021-02-09 19:59:38',904.0000,7),(30,'et, lacinia vitae,','lectus rutrum urna, nec luctus felis purus ac tellus. Suspendisse sed dolor. Fusce mi lorem, vehicula et, rutrum eu, ultrices sit amet, risus. Donec nibh enim, gravida sit amet, dapibus id, blandit at, nisi. Cum sociis natoque penatibus et magnis dis parturient montes, nascetur ridiculus mus.','vel arcu. Curabitur',44.91,9,'2021-12-22 11:02:43',340.0000,5),(31,'arcu eu','et, lacinia vitae, sodales at, velit. Pellentesque ultricies dignissim lacus. Aliquam rutrum lorem ac risus. Morbi metus. Vivamus euismod urna. Nullam lobortis quam a felis ullamcorper viverra. Maecenas iaculis aliquet diam. Sed diam lorem, auctor quis, tristique ac, eleifend vitae, erat. Vivamus nisi. Mauris nulla.','eu elit. Nulla',81.35,16,'2021-12-16 19:52:15',43.0000,6),(32,'Aliquam tincidunt, nunc','Mauris ut quam vel sapien imperdiet ornare. In faucibus. Morbi vehicula. Pellentesque tincidunt tempus risus. Donec egestas. Duis ac arcu. Nunc mauris. Morbi non sapien molestie orci tincidunt adipiscing. Mauris','ac risus.',75.16,21,'2021-09-22 20:14:23',441.0000,2),(33,'Etiam ligula','eget metus. In nec orci. Donec nibh. Quisque nonummy ipsum non arcu. Vivamus sit amet risus. Donec egestas. Aliquam nec enim. Nunc ut erat. Sed nunc est, mollis non, cursus non, egestas a, dui. Cras pellentesque. Sed dictum. Proin eget odio. Aliquam vulputate ullamcorper magna.','enim.',93.42,10,'2021-10-22 04:36:21',330.0000,7),(34,'Sed','Cum sociis natoque penatibus et magnis dis parturient montes, nascetur ridiculus mus. Proin vel nisl. Quisque fringilla euismod enim. Etiam gravida molestie arcu. Sed eu nibh vulputate mauris sagittis placerat. Cras dictum ultricies ligula. Nullam enim. Sed nulla ante, iaculis nec, eleifend non, dapibus rutrum,','Cras',14.15,21,'2021-06-04 13:07:16',887.0000,6),(35,'ridiculus','libero. Donec consectetuer mauris id sapien. Cras dolor dolor, tempus non, lacinia at, iaculis quis, pede. Praesent eu dui. Cum sociis','augue, eu tempor',92.56,14,'2021-12-19 01:26:23',804.0000,6),(36,'tristique senectus et','lectus. Nullam suscipit, est ac facilisis facilisis, magna tellus faucibus leo, in lobortis tellus justo sit amet nulla. Donec non justo. Proin non','vitae diam. Proin',56.64,21,'2020-10-03 11:32:19',625.0000,3),(37,'tempus,','tristique aliquet. Phasellus fermentum convallis ligula. Donec luctus aliquet odio. Etiam ligula tortor, dictum eu, placerat eget, venenatis a, magna. Lorem ipsum dolor sit amet, consectetuer adipiscing elit. Etiam laoreet, libero et tristique pellentesque, tellus sem mollis dui, in sodales elit','et,',61.94,6,'2021-03-08 14:51:04',390.0000,6),(38,'tellus id','tempus mauris erat eget ipsum. Suspendisse sagittis. Nullam vitae diam. Proin dolor. Nulla semper tellus','dictum eu,',75.07,12,'2020-06-29 13:52:57',261.0000,1),(39,'ut, sem.','malesuada fringilla est. Mauris eu turpis. Nulla aliquet. Proin velit. Sed malesuada augue ut lacus. Nulla tincidunt, neque vitae semper egestas, urna justo faucibus lectus, a sollicitudin orci sem eget massa. Suspendisse eleifend. Cras sed leo. Cras','justo eu',16.30,13,'2021-03-20 07:58:39',318.0000,2),(40,'interdum','Sed auctor odio a purus. Duis elementum, dui quis accumsan convallis, ante lectus convallis est, vitae sodales nisi magna sed dui. Fusce aliquam, enim nec tempus scelerisque, lorem ipsum sodales purus,','accumsan laoreet',39.57,3,'2021-06-08 01:15:22',732.0000,5),(41,'nec','sed turpis nec mauris blandit mattis. Cras eget nisi dictum augue malesuada malesuada. Integer id magna et ipsum cursus vestibulum. Mauris magna. Duis dignissim tempor arcu. Vestibulum ut eros non enim commodo hendrerit. Donec porttitor tellus','Nullam',83.74,5,'2020-06-21 10:34:35',496.0000,4),(42,'lorem, vehicula et,','eu dui. Cum sociis natoque penatibus et magnis dis parturient montes, nascetur ridiculus mus. Aenean eget magna. Suspendisse tristique neque venenatis lacus. Etiam bibendum fermentum metus. Aenean sed pede nec ante blandit viverra. Donec tempus,','diam lorem,',79.51,10,'2019-12-26 21:54:01',147.0000,3),(43,'sem ut cursus','et ultrices posuere cubilia Curae; Donec tincidunt. Donec vitae erat vel pede blandit congue. In scelerisque scelerisque dui. Suspendisse ac metus vitae velit egestas lacinia. Sed congue, elit sed consequat auctor, nunc nulla vulputate dui, nec tempus mauris erat eget ipsum. Suspendisse sagittis. Nullam vitae','laoreet',22.39,19,'2021-02-25 20:03:47',517.0000,2),(44,'In faucibus.','vitae, posuere at, velit. Cras lorem lorem, luctus ut, pellentesque eget, dictum placerat, augue. Sed molestie. Sed id risus quis diam luctus lobortis. Class aptent taciti sociosqu ad litora torquent per conubia nostra, per inceptos hymenaeos. Mauris ut quam vel sapien imperdiet ornare. In faucibus. Morbi','amet, faucibus ut,',49.00,7,'2020-09-19 07:01:44',457.0000,1),(45,'hendrerit. Donec','sed pede. Cum sociis natoque penatibus et magnis dis parturient montes, nascetur ridiculus mus. Proin','adipiscing elit.',63.97,7,'2021-12-10 16:52:49',981.0000,7),(46,'elit,','libero at auctor ullamcorper, nisl arcu iaculis enim, sit amet ornare lectus justo eu arcu. Morbi sit amet massa. Quisque porttitor eros nec tellus. Nunc lectus pede, ultrices a, auctor non, feugiat nec, diam. Duis mi enim, condimentum eget, volutpat ornare, facilisis eget, ipsum. Donec sollicitudin adipiscing ligula.','nec, malesuada ut,',67.28,1,'2021-04-21 15:43:02',253.0000,7),(47,'Sed et','orci luctus et ultrices posuere cubilia Curae; Phasellus ornare. Fusce mollis. Duis sit amet diam eu dolor egestas','urna et arcu',70.40,21,'2021-01-30 04:56:56',832.0000,4),(48,'pretium neque.','ac tellus. Suspendisse sed dolor. Fusce mi lorem, vehicula et, rutrum eu, ultrices sit amet, risus. Donec nibh enim, gravida sit amet, dapibus id, blandit at, nisi. Cum sociis natoque penatibus et magnis dis parturient montes, nascetur ridiculus','tortor, dictum eu,',19.08,20,'2020-11-13 08:42:42',217.0000,6),(49,'auctor. Mauris','nisi dictum augue malesuada malesuada. Integer id magna et ipsum cursus vestibulum. Mauris magna.','augue scelerisque',35.21,18,'2021-08-10 15:29:00',15.0000,1),(50,'at auctor ullamcorper,','eleifend non, dapibus rutrum, justo. Praesent luctus. Curabitur egestas nunc sed libero. Proin sed','leo.',44.84,2,'2021-07-14 05:19:50',749.0000,7),(51,'a,','dui, in sodales elit erat vitae risus. Duis a mi fringilla mi lacinia mattis. Integer eu lacus. Quisque imperdiet, erat nonummy ultricies ornare, elit elit fermentum risus, at fringilla purus mauris','vitae',78.64,3,'2020-12-03 04:57:13',83.0000,1),(52,'mauris a','Aliquam ornare, libero at auctor ullamcorper, nisl arcu iaculis enim, sit amet ornare lectus justo eu arcu. Morbi sit amet massa. Quisque porttitor eros nec tellus. Nunc lectus pede, ultrices a, auctor non, feugiat nec,','Aliquam fringilla cursus',83.75,6,'2021-02-06 00:26:20',733.0000,2),(53,'pellentesque, tellus sem','tellus lorem eu metus. In lorem. Donec elementum, lorem ut aliquam iaculis,','ut, nulla. Cras',56.23,21,'2021-11-12 22:07:10',290.0000,1),(54,'Donec nibh enim,','ultrices posuere cubilia Curae; Donec tincidunt. Donec vitae erat vel pede blandit congue. In scelerisque scelerisque dui. Suspendisse ac metus vitae velit egestas lacinia. Sed congue, elit sed consequat auctor, nunc nulla vulputate dui, nec tempus mauris erat eget ipsum. Suspendisse sagittis. Nullam vitae','risus. Donec egestas.',89.36,10,'2021-10-26 19:29:14',672.0000,7),(55,'feugiat metus sit','in faucibus orci luctus et ultrices posuere cubilia Curae; Phasellus ornare. Fusce mollis. Duis sit amet diam eu dolor egestas rhoncus. Proin','vestibulum,',79.56,20,'2021-03-13 06:38:57',956.0000,1),(56,'facilisis, magna','molestie dapibus ligula. Aliquam erat volutpat. Nulla dignissim. Maecenas ornare egestas ligula. Nullam feugiat placerat velit. Quisque varius. Nam porttitor scelerisque neque. Nullam nisl. Maecenas malesuada fringilla est. Mauris eu turpis. Nulla aliquet. Proin velit. Sed malesuada augue ut lacus. Nulla tincidunt,','urna, nec luctus',48.29,14,'2020-01-04 01:28:16',465.0000,1),(57,'felis ullamcorper viverra.','nulla. Integer urna. Vivamus molestie dapibus ligula. Aliquam erat volutpat. Nulla dignissim. Maecenas ornare egestas ligula. Nullam feugiat placerat velit. Quisque varius. Nam porttitor scelerisque neque. Nullam nisl. Maecenas malesuada fringilla est. Mauris eu turpis. Nulla aliquet. Proin velit. Sed malesuada augue ut','sed, est.',20.87,9,'2021-03-31 01:05:40',336.0000,6),(58,'nec','libero et tristique pellentesque, tellus sem mollis dui, in sodales elit erat','erat',30.56,12,'2020-06-24 22:48:49',856.0000,4),(59,'egestas hendrerit','felis eget varius ultrices, mauris ipsum porta elit, a feugiat tellus lorem eu metus. In lorem. Donec elementum, lorem ut aliquam iaculis, lacus pede sagittis augue, eu','egestas',79.75,1,'2021-08-29 01:39:41',636.0000,3),(60,'dolor dapibus','convallis in, cursus et, eros. Proin ultrices. Duis volutpat nunc sit','congue a,',55.35,3,'2021-03-24 21:27:38',574.0000,4),(61,'aliquet odio. Etiam','tellus. Phasellus elit pede, malesuada vel, venenatis vel, faucibus id, libero. Donec consectetuer mauris id sapien. Cras dolor dolor, tempus non, lacinia at, iaculis quis, pede. Praesent eu dui. Cum sociis natoque penatibus et magnis dis parturient montes, nascetur ridiculus mus. Aenean eget magna. Suspendisse tristique neque venenatis lacus. Etiam','Curae; Donec tincidunt.',8.41,9,'2021-10-30 17:46:34',288.0000,3),(62,'penatibus','Duis at lacus. Quisque purus sapien, gravida non, sollicitudin a, malesuada id, erat. Etiam vestibulum massa rutrum magna. Cras convallis convallis dolor. Quisque tincidunt pede ac','egestas. Sed pharetra,',47.24,10,'2020-02-13 18:27:11',811.0000,3),(63,'consequat purus.','nisi magna sed dui. Fusce aliquam, enim nec tempus scelerisque, lorem ipsum sodales purus, in molestie','faucibus',70.79,4,'2020-07-13 23:22:02',934.0000,7),(64,'id,','cursus vestibulum. Mauris magna. Duis dignissim tempor arcu. Vestibulum ut eros non enim commodo hendrerit. Donec porttitor tellus non magna. Nam ligula elit, pretium et, rutrum non, hendrerit id, ante. Nunc mauris sapien, cursus','at',67.33,18,'2021-12-08 06:37:32',165.0000,1),(65,'ante dictum mi,','Duis dignissim tempor arcu. Vestibulum ut eros non enim commodo hendrerit. Donec porttitor tellus non magna. Nam ligula elit, pretium et, rutrum non, hendrerit id, ante. Nunc mauris sapien, cursus in, hendrerit consectetuer, cursus et, magna. Praesent interdum ligula eu enim.','Nullam',92.79,5,'2021-12-02 15:31:16',729.0000,4),(66,'eu nulla','lorem, eget mollis lectus pede et risus. Quisque libero lacus, varius et, euismod et, commodo at, libero. Morbi accumsan laoreet ipsum. Curabitur consequat, lectus sit amet luctus vulputate, nisi sem semper erat, in consectetuer ipsum nunc id enim. Curabitur','suscipit,',86.86,18,'2021-12-05 01:35:44',724.0000,3),(67,'Nunc ullamcorper,','et tristique pellentesque, tellus sem mollis dui, in sodales elit erat vitae risus. Duis a mi fringilla mi lacinia mattis. Integer eu lacus. Quisque imperdiet, erat nonummy ultricies ornare, elit elit fermentum risus, at fringilla purus mauris a nunc. In at pede. Cras','nascetur',79.81,16,'2020-02-18 02:31:50',808.0000,3),(68,'tempor','eget metus. In nec orci. Donec nibh. Quisque nonummy ipsum non arcu. Vivamus sit amet risus. Donec egestas. Aliquam nec enim. Nunc ut erat. Sed nunc est, mollis non, cursus non, egestas a, dui. Cras pellentesque. Sed dictum. Proin eget odio. Aliquam vulputate ullamcorper magna. Sed eu eros. Nam','quis,',58.80,19,'2021-04-08 13:09:49',582.0000,6),(69,'Nulla','semper, dui lectus rutrum urna, nec luctus felis purus ac tellus. Suspendisse sed dolor. Fusce mi lorem, vehicula et, rutrum eu, ultrices sit amet, risus. Donec','Cras vulputate velit',48.04,8,'2021-01-20 16:35:30',622.0000,5),(70,'Vivamus nibh','Fusce dolor quam, elementum at, egestas a, scelerisque sed, sapien. Nunc pulvinar arcu et pede. Nunc sed orci lobortis augue scelerisque mollis.','pellentesque a,',65.62,1,'2020-02-16 13:56:25',35.0000,6),(71,'vestibulum, neque','ridiculus mus. Proin vel arcu eu odio tristique pharetra. Quisque ac libero nec ligula consectetuer rhoncus. Nullam velit dui, semper et, lacinia vitae, sodales at, velit. Pellentesque ultricies dignissim lacus. Aliquam rutrum lorem ac risus. Morbi metus. Vivamus euismod urna. Nullam lobortis quam a','faucibus leo,',5.96,20,'2020-05-20 04:16:20',748.0000,2),(72,'Lorem ipsum dolor','nisl. Nulla eu neque pellentesque massa lobortis ultrices. Vivamus rhoncus. Donec est. Nunc ullamcorper, velit in aliquet lobortis,','metus.',39.22,19,'2020-05-15 21:09:26',760.0000,6),(73,'auctor','lacus. Etiam bibendum fermentum metus. Aenean sed pede nec ante blandit viverra. Donec tempus, lorem fringilla ornare placerat, orci','a',98.86,3,'2020-05-10 18:20:41',941.0000,7),(74,'semper auctor.','gravida non, sollicitudin a, malesuada id, erat. Etiam vestibulum massa rutrum magna. Cras convallis convallis dolor. Quisque tincidunt pede ac urna. Ut tincidunt vehicula risus. Nulla eget metus eu erat semper rutrum. Fusce dolor quam, elementum at, egestas a, scelerisque sed, sapien. Nunc','Ut',86.35,20,'2021-06-28 03:44:10',114.0000,4),(75,'eget metus','at, iaculis quis, pede. Praesent eu dui. Cum sociis natoque penatibus et magnis dis parturient montes, nascetur ridiculus mus. Aenean eget magna. Suspendisse tristique neque venenatis lacus. Etiam bibendum fermentum metus. Aenean sed pede nec','consectetuer adipiscing elit.',59.14,20,'2020-02-14 10:53:11',796.0000,1),(76,'risus quis diam','eu turpis. Nulla aliquet. Proin velit. Sed malesuada augue ut lacus. Nulla tincidunt, neque vitae semper egestas, urna justo faucibus lectus, a sollicitudin orci sem eget massa. Suspendisse eleifend. Cras sed leo.','felis eget',70.79,13,'2020-04-04 18:43:22',264.0000,2),(77,'eget metus. In','lobortis quam a felis ullamcorper viverra. Maecenas iaculis aliquet diam. Sed diam lorem, auctor quis, tristique ac, eleifend vitae, erat.','non',41.11,17,'2020-06-21 23:32:51',886.0000,6),(78,'penatibus et','ornare lectus justo eu arcu. Morbi sit amet massa. Quisque porttitor eros nec tellus. Nunc lectus pede, ultrices a, auctor non,','Donec tempus, lorem',20.41,11,'2020-12-02 06:24:30',663.0000,5),(79,'ut','velit. Aliquam nisl. Nulla eu neque pellentesque massa lobortis ultrices. Vivamus rhoncus. Donec est. Nunc ullamcorper, velit in aliquet lobortis, nisi nibh lacinia orci, consectetuer euismod est arcu ac orci. Ut semper pretium neque. Morbi quis urna. Nunc quis arcu vel quam dignissim pharetra.','eget',59.90,16,'2021-05-29 16:27:51',655.0000,3),(80,'urna.','amet orci. Ut sagittis lobortis mauris. Suspendisse aliquet molestie tellus. Aenean egestas hendrerit neque. In ornare sagittis felis. Donec tempor, est ac mattis semper, dui lectus rutrum urna, nec luctus felis purus ac tellus.','eu odio',16.35,3,'2021-06-23 08:38:17',87.0000,1),(81,'auctor','lacinia at, iaculis quis, pede. Praesent eu dui. Cum sociis natoque penatibus et magnis dis parturient montes, nascetur ridiculus mus. Aenean eget magna. Suspendisse tristique neque venenatis lacus. Etiam','ut',84.53,16,'2020-12-26 07:36:04',371.0000,5),(82,'id, mollis','massa. Quisque porttitor eros nec tellus. Nunc lectus pede, ultrices a, auctor non, feugiat nec, diam. Duis mi enim, condimentum eget, volutpat ornare, facilisis eget, ipsum. Donec sollicitudin adipiscing ligula. Aenean gravida nunc','vel, faucibus',69.76,4,'2020-10-24 18:06:47',656.0000,3),(83,'primis','lacinia mattis. Integer eu lacus. Quisque imperdiet, erat nonummy ultricies ornare, elit elit fermentum risus, at fringilla purus mauris a nunc. In at pede. Cras vulputate velit eu','risus.',72.31,16,'2021-01-16 00:17:10',179.0000,4),(84,'felis purus','consequat auctor, nunc nulla vulputate dui, nec tempus mauris erat eget ipsum. Suspendisse sagittis. Nullam vitae diam. Proin dolor. Nulla semper tellus id nunc','lectus justo eu',25.71,10,'2021-07-14 08:54:47',816.0000,7),(85,'ut ipsum','diam. Proin dolor. Nulla semper tellus id nunc interdum feugiat. Sed nec metus facilisis lorem tristique aliquet. Phasellus fermentum convallis ligula. Donec luctus aliquet','magna.',10.24,9,'2020-04-07 06:55:17',645.0000,2),(86,'tellus sem','magnis dis parturient montes, nascetur ridiculus mus. Aenean eget magna. Suspendisse tristique neque venenatis lacus. Etiam bibendum fermentum metus. Aenean sed pede nec ante blandit viverra.','neque. Nullam',66.26,8,'2020-11-18 19:15:43',994.0000,1),(87,'vel, convallis in,','purus mauris a nunc. In at pede. Cras vulputate velit eu sem. Pellentesque ut ipsum ac mi eleifend egestas. Sed pharetra, felis','Integer vulputate,',80.83,14,'2021-02-15 22:01:41',593.0000,6),(88,'purus sapien,','Curabitur egestas nunc sed libero. Proin sed turpis nec mauris blandit mattis. Cras','semper erat,',56.76,16,'2021-09-06 06:53:28',760.0000,4),(89,'accumsan','amet orci. Ut sagittis lobortis mauris. Suspendisse aliquet molestie tellus. Aenean egestas hendrerit neque. In ornare sagittis felis. Donec tempor, est ac mattis semper, dui','vitae aliquam eros',81.45,20,'2021-03-22 21:58:49',808.0000,2),(90,'gravida nunc','condimentum eget, volutpat ornare, facilisis eget, ipsum. Donec sollicitudin adipiscing ligula. Aenean gravida nunc sed pede. Cum sociis','porta elit,',73.71,4,'2021-04-23 09:05:13',42.0000,6),(91,'libero. Donec consectetuer','Cras sed leo. Cras vehicula aliquet libero. Integer in magna. Phasellus dolor elit, pellentesque a, facilisis non, bibendum sed, est. Nunc laoreet lectus quis massa. Mauris vestibulum, neque sed dictum eleifend, nunc risus varius orci, in consequat enim diam vel','nec quam. Curabitur',33.51,4,'2020-09-01 07:42:47',934.0000,6),(92,'fermentum convallis','dictum cursus. Nunc mauris elit, dictum eu, eleifend nec, malesuada ut, sem. Nulla interdum. Curabitur dictum. Phasellus in felis. Nulla tempor augue ac ipsum. Phasellus vitae mauris sit amet lorem semper auctor. Mauris vel turpis. Aliquam adipiscing lobortis risus. In mi pede, nonummy ut, molestie in,','consectetuer',19.27,4,'2021-04-07 02:50:00',88.0000,5),(93,'tortor, dictum eu,','Duis a mi fringilla mi lacinia mattis. Integer eu lacus. Quisque imperdiet, erat nonummy ultricies ornare, elit elit fermentum risus, at fringilla purus mauris a nunc. In','Vestibulum ante',41.98,18,'2020-07-10 16:27:36',159.0000,3),(94,'amet risus. Donec','lacinia at, iaculis quis, pede. Praesent eu dui. Cum sociis natoque penatibus et magnis dis parturient montes, nascetur','ante blandit',67.97,10,'2021-09-27 02:13:55',624.0000,5),(95,'porta','cursus, diam at pretium aliquet, metus urna convallis erat, eget tincidunt dui augue eu tellus. Phasellus elit pede, malesuada vel, venenatis vel, faucibus id, libero. Donec consectetuer mauris id sapien. Cras dolor dolor, tempus non, lacinia at, iaculis quis, pede. Praesent eu dui. Cum sociis natoque penatibus et','ultrices.',8.28,14,'2021-01-06 00:26:10',956.0000,1),(96,'non arcu. Vivamus','est ac mattis semper, dui lectus rutrum urna, nec luctus felis purus ac tellus. Suspendisse sed dolor. Fusce mi lorem, vehicula et, rutrum eu, ultrices sit','Aliquam auctor, velit',92.46,8,'2021-01-07 05:52:08',791.0000,7),(97,'at','Aliquam nec enim. Nunc ut erat. Sed nunc est, mollis non, cursus non, egestas a, dui. Cras pellentesque. Sed dictum. Proin eget odio. Aliquam vulputate ullamcorper magna. Sed eu eros. Nam consequat dolor vitae dolor.','in magna.',13.54,18,'2021-09-12 01:08:26',768.0000,6),(98,'neque','tellus sem mollis dui, in sodales elit erat vitae risus. Duis a mi fringilla mi lacinia mattis. Integer eu lacus. Quisque imperdiet, erat nonummy ultricies ornare, elit elit fermentum risus, at','cubilia',55.41,16,'2020-02-05 16:58:09',186.0000,2),(99,'Donec fringilla. Donec','consectetuer adipiscing elit. Etiam laoreet, libero et tristique pellentesque, tellus sem mollis dui, in sodales elit erat vitae risus. Duis a mi fringilla mi','Vestibulum',20.51,13,'2021-06-09 22:08:49',606.0000,5),(100,'scelerisque, lorem ipsum','mollis. Duis sit amet diam eu dolor egestas rhoncus. Proin nisl sem, consequat nec, mollis vitae, posuere at, velit. Cras lorem lorem, luctus ut, pellentesque eget, dictum placerat, augue. Sed molestie. Sed id risus quis diam luctus lobortis. Class aptent taciti sociosqu ad litora','vitae sodales',6.22,16,'2021-10-31 21:26:45',243.0000,7);
/*!40000 ALTER TABLE `product` ENABLE KEYS */;
UNLOCK TABLES;

--
-- Table structure for table `product_allergens`
--

DROP TABLE IF EXISTS `product_allergens`;
/*!40101 SET @saved_cs_client     = @@character_set_client */;
/*!50503 SET character_set_client = utf8mb4 */;
CREATE TABLE `product_allergens` (
  `product_ID` int NOT NULL,
  `allergen_ID` int NOT NULL,
  PRIMARY KEY (`product_ID`,`allergen_ID`),
  KEY `fk_product_allergens_allergen_idx` (`allergen_ID`),
  CONSTRAINT `fk_pa_allergen` FOREIGN KEY (`allergen_ID`) REFERENCES `allergen` (`allergen_ID`),
  CONSTRAINT `fk_pa_product` FOREIGN KEY (`product_ID`) REFERENCES `product` (`product_ID`)
) ENGINE=InnoDB DEFAULT CHARSET=utf8mb4 COLLATE=utf8mb4_0900_ai_ci;
/*!40101 SET character_set_client = @saved_cs_client */;

--
-- Dumping data for table `product_allergens`
--

LOCK TABLES `product_allergens` WRITE;
/*!40000 ALTER TABLE `product_allergens` DISABLE KEYS */;
/*!40000 ALTER TABLE `product_allergens` ENABLE KEYS */;
UNLOCK TABLES;

--
-- Table structure for table `product_category`
--

DROP TABLE IF EXISTS `product_category`;
/*!40101 SET @saved_cs_client     = @@character_set_client */;
/*!50503 SET character_set_client = utf8mb4 */;
CREATE TABLE `product_category` (
  `category_ID` int NOT NULL,
  `name` varchar(45) NOT NULL,
  `description` varchar(250) DEFAULT NULL,
  PRIMARY KEY (`category_ID`)
) ENGINE=InnoDB DEFAULT CHARSET=utf8mb4 COLLATE=utf8mb4_0900_ai_ci;
/*!40101 SET character_set_client = @saved_cs_client */;

--
-- Dumping data for table `product_category`
--

LOCK TABLES `product_category` WRITE;
/*!40000 ALTER TABLE `product_category` DISABLE KEYS */;
INSERT INTO `product_category` VALUES (1,'meat',NULL),(2,'fish',NULL),(3,'dairy',NULL),(4,'fruit & vegetable',NULL),(5,'bread & pastries',NULL),(6,'eggs',NULL),(7,'water & soda',NULL),(8,'beer',NULL),(9,'wine',NULL),(10,'liquor',NULL),(11,'coffee & tea',NULL),(12,'cold meat',NULL),(13,'delicatessen',NULL),(14,'snacks',NULL),(15,'bio',NULL),(16,'eco',NULL),(17,'vegetarian',NULL),(18,'vegan',NULL),(19,'gluten free',NULL),(20,'lactose free',NULL),(21,'spices & condiments',NULL);
/*!40000 ALTER TABLE `product_category` ENABLE KEYS */;
UNLOCK TABLES;

--
-- Table structure for table `recipe`
--

DROP TABLE IF EXISTS `recipe`;
/*!40101 SET @saved_cs_client     = @@character_set_client */;
/*!50503 SET character_set_client = utf8mb4 */;
CREATE TABLE `recipe` (
  `recipe_ID` int NOT NULL AUTO_INCREMENT,
  `instructions` varchar(500) DEFAULT NULL,
  `result_quantity` decimal(10,4) NOT NULL,
  PRIMARY KEY (`recipe_ID`)
) ENGINE=InnoDB AUTO_INCREMENT=101 DEFAULT CHARSET=utf8mb4 COLLATE=utf8mb4_0900_ai_ci;
/*!40101 SET character_set_client = @saved_cs_client */;

--
-- Dumping data for table `recipe`
--

LOCK TABLES `recipe` WRITE;
/*!40000 ALTER TABLE `recipe` DISABLE KEYS */;
INSERT INTO `recipe` VALUES (1,'quis, pede. Praesent eu dui. Cum sociis natoque penatibus et magnis dis parturient montes, nascetur ridiculus',30.0000),(2,'dictum cursus. Nunc mauris elit, dictum eu, eleifend nec, malesuada ut, sem. Nulla interdum. Curabitur dictum. Phasellus in felis. Nulla tempor augue ac ipsum. Phasellus vitae mauris sit amet lorem semper auctor. Mauris vel turpis. Aliquam adipiscing',96.0000),(3,'vitae dolor. Donec fringilla. Donec feugiat metus sit amet ante. Vivamus non lorem vitae odio sagittis semper. Nam tempor diam dictum sapien. Aenean massa. Integer vitae nibh. Donec est mauris, rhoncus id, mollis nec, cursus a, enim.',101.0000),(4,'at lacus. Quisque purus sapien, gravida non, sollicitudin a, malesuada id,',40.0000),(5,'sem egestas blandit. Nam nulla magna, malesuada vel, convallis in, cursus et, eros. Proin ultrices. Duis volutpat nunc sit amet metus. Aliquam erat volutpat. Nulla facilisis. Suspendisse commodo',36.0000),(6,'orci luctus et ultrices posuere cubilia Curae; Donec tincidunt. Donec vitae erat vel pede blandit congue. In scelerisque scelerisque dui. Suspendisse ac metus vitae velit egestas lacinia. Sed congue, elit sed consequat auctor, nunc nulla vulputate dui, nec tempus mauris',55.0000),(7,'tincidunt tempus risus. Donec egestas. Duis ac arcu. Nunc mauris. Morbi non sapien molestie orci tincidunt adipiscing. Mauris molestie pharetra',54.0000),(8,'blandit enim consequat purus. Maecenas libero est, congue a, aliquet vel, vulputate eu, odio. Phasellus at augue id ante dictum cursus. Nunc mauris elit, dictum eu,',101.0000),(9,'Proin vel arcu eu odio tristique pharetra. Quisque ac libero nec ligula consectetuer rhoncus. Nullam velit dui, semper et, lacinia vitae, sodales at, velit. Pellentesque ultricies dignissim lacus.',80.0000),(10,'est, mollis non, cursus non, egestas a, dui. Cras pellentesque. Sed',98.0000),(11,'mauris sit amet lorem semper auctor. Mauris vel turpis. Aliquam adipiscing lobortis risus. In mi pede, nonummy ut, molestie in, tempus eu, ligula. Aenean euismod mauris eu elit. Nulla facilisi. Sed neque. Sed eget lacus. Mauris non dui',64.0000),(12,'convallis erat, eget tincidunt dui augue eu tellus. Phasellus elit pede, malesuada vel, venenatis vel, faucibus id, libero. Donec consectetuer mauris id sapien. Cras dolor dolor, tempus non, lacinia at, iaculis quis, pede. Praesent eu dui. Cum sociis natoque penatibus',28.0000),(13,'pede. Suspendisse dui. Fusce diam nunc, ullamcorper eu, euismod ac, fermentum vel, mauris. Integer sem elit, pharetra ut, pharetra sed,',48.0000),(14,'torquent per conubia nostra, per inceptos hymenaeos. Mauris ut quam vel sapien imperdiet ornare. In faucibus. Morbi vehicula. Pellentesque tincidunt tempus risus. Donec egestas. Duis ac arcu. Nunc mauris. Morbi non sapien',29.0000),(15,'at, iaculis quis, pede. Praesent eu dui. Cum sociis natoque penatibus et magnis dis parturient montes, nascetur ridiculus mus. Aenean eget magna. Suspendisse tristique neque venenatis lacus. Etiam bibendum fermentum metus. Aenean',99.0000),(16,'adipiscing. Mauris molestie pharetra nibh. Aliquam ornare, libero at auctor ullamcorper,',41.0000),(17,'sem, consequat nec, mollis vitae, posuere at, velit. Cras lorem lorem, luctus ut, pellentesque eget, dictum placerat, augue. Sed molestie. Sed id risus quis diam luctus lobortis. Class aptent taciti sociosqu ad',50.0000),(18,'montes, nascetur ridiculus mus. Proin vel nisl. Quisque fringilla euismod enim. Etiam gravida molestie arcu. Sed eu nibh vulputate mauris sagittis placerat. Cras',65.0000),(19,'porttitor scelerisque neque. Nullam nisl. Maecenas malesuada fringilla est. Mauris eu turpis. Nulla aliquet. Proin velit. Sed malesuada augue ut lacus. Nulla tincidunt, neque vitae semper egestas, urna justo faucibus lectus, a sollicitudin orci sem',86.0000),(20,'ipsum sodales purus, in molestie tortor nibh sit amet orci. Ut sagittis lobortis mauris. Suspendisse aliquet molestie tellus. Aenean egestas hendrerit neque.',100.0000),(21,'Mauris molestie pharetra nibh. Aliquam ornare, libero at auctor ullamcorper, nisl arcu',84.0000),(22,'consequat purus. Maecenas libero est, congue a, aliquet vel, vulputate eu, odio. Phasellus at augue id ante dictum cursus. Nunc mauris elit, dictum eu, eleifend nec, malesuada ut, sem. Nulla',54.0000),(23,'Nam porttitor scelerisque neque. Nullam nisl. Maecenas malesuada fringilla est. Mauris eu turpis. Nulla aliquet. Proin velit. Sed malesuada augue ut lacus. Nulla tincidunt, neque vitae semper egestas,',37.0000),(24,'eleifend vitae, erat. Vivamus nisi. Mauris nulla. Integer urna. Vivamus molestie',42.0000),(25,'auctor non, feugiat nec, diam. Duis mi enim, condimentum eget, volutpat ornare, facilisis',3.0000),(26,'lacus. Mauris non dui nec urna suscipit nonummy. Fusce fermentum fermentum arcu. Vestibulum ante ipsum primis in faucibus orci luctus et ultrices posuere cubilia Curae; Phasellus ornare. Fusce mollis. Duis sit amet diam',48.0000),(27,'posuere vulputate, lacus. Cras interdum. Nunc sollicitudin commodo ipsum. Suspendisse non leo. Vivamus nibh dolor, nonummy ac, feugiat non, lobortis quis, pede. Suspendisse dui. Fusce diam nunc, ullamcorper eu, euismod ac, fermentum',75.0000),(28,'ut ipsum ac mi eleifend egestas. Sed pharetra, felis eget varius ultrices, mauris ipsum porta elit, a feugiat tellus lorem eu metus. In lorem. Donec elementum, lorem ut aliquam iaculis, lacus pede',53.0000),(29,'Cum sociis natoque penatibus et magnis dis parturient montes, nascetur ridiculus mus. Aenean eget magna. Suspendisse tristique neque venenatis lacus. Etiam bibendum fermentum metus. Aenean sed pede',80.0000),(30,'vel est tempor bibendum. Donec felis orci, adipiscing non, luctus sit amet, faucibus ut, nulla. Cras eu tellus eu augue porttitor interdum. Sed auctor odio a purus. Duis elementum, dui quis',43.0000),(31,'iaculis nec, eleifend non, dapibus rutrum, justo. Praesent luctus. Curabitur egestas nunc sed libero. Proin sed turpis nec mauris blandit mattis. Cras eget nisi dictum augue',83.0000),(32,'euismod in, dolor. Fusce feugiat. Lorem ipsum dolor sit amet, consectetuer adipiscing elit. Aliquam auctor, velit eget laoreet posuere, enim nisl elementum purus, accumsan interdum libero dui nec',61.0000),(33,'parturient montes, nascetur ridiculus mus. Proin vel nisl. Quisque fringilla euismod enim.',62.0000),(34,'Donec vitae erat vel pede blandit congue. In scelerisque scelerisque dui. Suspendisse ac metus vitae velit egestas lacinia. Sed congue, elit sed consequat auctor, nunc nulla',89.0000),(35,'semper egestas, urna justo faucibus lectus, a sollicitudin orci sem eget massa. Suspendisse eleifend. Cras sed leo. Cras vehicula aliquet libero. Integer in magna. Phasellus dolor elit, pellentesque a, facilisis non, bibendum sed, est. Nunc laoreet',4.0000),(36,'bibendum. Donec felis orci, adipiscing non, luctus sit amet, faucibus ut, nulla. Cras eu tellus eu augue porttitor interdum. Sed auctor odio a purus.',80.0000),(37,'vitae dolor. Donec fringilla. Donec feugiat metus sit amet ante. Vivamus non lorem vitae',35.0000),(38,'tincidunt, neque vitae semper egestas, urna justo faucibus lectus, a sollicitudin orci sem eget massa. Suspendisse eleifend. Cras sed leo. Cras',34.0000),(39,'orci. Ut sagittis lobortis mauris. Suspendisse aliquet molestie tellus. Aenean egestas hendrerit neque. In ornare sagittis felis. Donec tempor, est ac mattis semper, dui lectus rutrum urna, nec luctus felis purus ac tellus. Suspendisse sed',93.0000),(40,'imperdiet ornare. In faucibus. Morbi vehicula. Pellentesque tincidunt tempus risus. Donec egestas. Duis ac arcu. Nunc mauris. Morbi non sapien molestie orci tincidunt adipiscing. Mauris molestie pharetra nibh. Aliquam ornare, libero at auctor ullamcorper, nisl arcu iaculis',67.0000),(41,'odio sagittis semper. Nam tempor diam dictum sapien. Aenean massa. Integer vitae nibh. Donec est mauris, rhoncus',57.0000),(42,'non lorem vitae odio sagittis semper. Nam tempor diam dictum sapien. Aenean massa. Integer vitae nibh. Donec est mauris, rhoncus id, mollis nec, cursus a, enim. Suspendisse aliquet, sem ut cursus luctus,',15.0000),(43,'aliquet, metus urna convallis erat, eget tincidunt dui augue eu tellus. Phasellus elit pede, malesuada vel, venenatis vel, faucibus id, libero. Donec consectetuer mauris id sapien. Cras',86.0000),(44,'congue turpis. In condimentum. Donec at arcu. Vestibulum ante ipsum primis in faucibus orci luctus et ultrices posuere cubilia Curae; Donec tincidunt. Donec vitae erat vel pede blandit congue.',10.0000),(45,'semper cursus. Integer mollis. Integer tincidunt aliquam arcu. Aliquam ultrices iaculis odio. Nam interdum enim non',8.0000),(46,'sagittis. Duis gravida. Praesent eu nulla at sem molestie sodales. Mauris blandit enim consequat',26.0000),(47,'Aenean eget metus. In nec orci. Donec nibh. Quisque nonummy ipsum non arcu. Vivamus sit amet',39.0000),(48,'sed dolor. Fusce mi lorem, vehicula et, rutrum eu, ultrices sit amet, risus. Donec nibh enim, gravida sit amet, dapibus id, blandit',92.0000),(49,'Cum sociis natoque penatibus et magnis dis parturient montes, nascetur ridiculus mus. Aenean eget magna. Suspendisse',90.0000),(50,'lacus, varius et, euismod et, commodo at, libero. Morbi accumsan laoreet ipsum.',35.0000),(51,'Mauris nulla. Integer urna. Vivamus molestie dapibus ligula. Aliquam erat volutpat. Nulla dignissim. Maecenas ornare egestas ligula. Nullam feugiat placerat velit. Quisque varius. Nam porttitor scelerisque neque. Nullam nisl. Maecenas malesuada fringilla est. Mauris eu turpis. Nulla',89.0000),(52,'ac, feugiat non, lobortis quis, pede. Suspendisse dui. Fusce diam nunc, ullamcorper eu, euismod ac,',6.0000),(53,'lectus sit amet luctus vulputate, nisi sem semper erat, in consectetuer ipsum nunc id enim. Curabitur massa. Vestibulum accumsan neque et nunc. Quisque ornare tortor at risus. Nunc ac sem ut dolor dapibus gravida. Aliquam tincidunt, nunc ac',80.0000),(54,'et ipsum cursus vestibulum. Mauris magna. Duis dignissim tempor arcu. Vestibulum ut eros non enim commodo hendrerit. Donec porttitor tellus non magna. Nam ligula elit, pretium et, rutrum non, hendrerit id, ante. Nunc mauris sapien, cursus in,',89.0000),(55,'pulvinar arcu et pede. Nunc sed orci lobortis augue scelerisque mollis. Phasellus libero mauris, aliquam eu, accumsan sed, facilisis vitae, orci. Phasellus dapibus quam quis diam. Pellentesque habitant morbi tristique senectus et netus et',68.0000),(56,'facilisis vitae, orci. Phasellus dapibus quam quis diam. Pellentesque habitant morbi tristique senectus et netus et malesuada fames ac turpis',56.0000),(57,'odio sagittis semper. Nam tempor diam dictum sapien. Aenean massa. Integer vitae nibh. Donec est mauris, rhoncus id, mollis nec, cursus a, enim. Suspendisse aliquet, sem ut cursus luctus, ipsum leo elementum sem,',64.0000),(58,'sem ut dolor dapibus gravida. Aliquam tincidunt, nunc ac mattis ornare, lectus ante dictum mi, ac mattis velit',56.0000),(59,'ultricies ligula. Nullam enim. Sed nulla ante, iaculis nec, eleifend non, dapibus rutrum, justo. Praesent luctus. Curabitur egestas nunc sed libero. Proin sed turpis nec mauris blandit mattis. Cras eget nisi dictum augue malesuada',65.0000),(60,'ornare sagittis felis. Donec tempor, est ac mattis semper, dui lectus rutrum urna, nec luctus felis purus ac tellus. Suspendisse sed dolor. Fusce mi lorem, vehicula et, rutrum eu, ultrices sit amet, risus. Donec nibh',59.0000),(61,'aptent taciti sociosqu ad litora torquent per conubia nostra, per inceptos hymenaeos. Mauris ut quam vel sapien imperdiet ornare. In faucibus. Morbi vehicula. Pellentesque tincidunt tempus risus. Donec egestas. Duis ac arcu. Nunc mauris. Morbi non sapien',44.0000),(62,'Nulla tincidunt, neque vitae semper egestas, urna justo faucibus lectus, a sollicitudin orci sem eget massa. Suspendisse eleifend. Cras sed leo. Cras vehicula aliquet libero. Integer in magna. Phasellus dolor',68.0000),(63,'justo nec ante. Maecenas mi felis, adipiscing fringilla, porttitor vulputate, posuere vulputate, lacus. Cras interdum. Nunc sollicitudin commodo ipsum. Suspendisse non leo. Vivamus nibh dolor, nonummy ac, feugiat non, lobortis',26.0000),(64,'gravida molestie arcu. Sed eu nibh vulputate mauris sagittis placerat. Cras dictum ultricies ligula. Nullam enim.',37.0000),(65,'Fusce aliquet magna a neque. Nullam ut nisi a odio semper cursus. Integer mollis. Integer tincidunt aliquam arcu. Aliquam ultrices iaculis odio. Nam interdum enim non nisi. Aenean eget metus. In nec orci. Donec',37.0000),(66,'odio. Phasellus at augue id ante dictum cursus. Nunc mauris elit, dictum eu, eleifend nec, malesuada ut, sem. Nulla interdum. Curabitur dictum. Phasellus in',70.0000),(67,'Duis dignissim tempor arcu. Vestibulum ut eros non enim commodo hendrerit.',20.0000),(68,'Cras lorem lorem, luctus ut, pellentesque eget, dictum placerat, augue. Sed molestie. Sed',71.0000),(69,'dui. Suspendisse ac metus vitae velit egestas lacinia. Sed congue, elit',83.0000),(70,'aliquet diam. Sed diam lorem, auctor quis, tristique ac, eleifend vitae, erat. Vivamus nisi. Mauris nulla.',80.0000),(71,'Maecenas malesuada fringilla est. Mauris eu turpis. Nulla aliquet. Proin velit. Sed malesuada',101.0000),(72,'magna. Sed eu eros. Nam consequat dolor vitae dolor. Donec fringilla. Donec feugiat metus sit amet ante. Vivamus non lorem vitae odio sagittis semper. Nam tempor diam',60.0000),(73,'dis parturient montes, nascetur ridiculus mus. Proin vel nisl. Quisque fringilla euismod enim. Etiam gravida molestie arcu. Sed eu nibh vulputate mauris sagittis placerat. Cras dictum ultricies ligula. Nullam enim.',26.0000),(74,'aliquet, sem ut cursus luctus, ipsum leo elementum sem, vitae aliquam eros turpis non enim. Mauris quis turpis vitae purus',73.0000),(75,'lectus rutrum urna, nec luctus felis purus ac tellus. Suspendisse sed dolor. Fusce mi lorem, vehicula et, rutrum eu, ultrices sit amet, risus.',90.0000),(76,'dis parturient montes, nascetur ridiculus mus. Proin vel arcu eu odio tristique pharetra. Quisque ac libero nec ligula consectetuer rhoncus. Nullam velit dui, semper et, lacinia vitae, sodales at, velit. Pellentesque ultricies dignissim lacus. Aliquam rutrum',92.0000),(77,'orci. Ut sagittis lobortis mauris. Suspendisse aliquet molestie tellus. Aenean egestas hendrerit neque. In ornare sagittis felis. Donec tempor, est ac mattis semper,',83.0000),(78,'fringilla cursus purus. Nullam scelerisque neque sed sem egestas blandit. Nam nulla magna, malesuada vel, convallis in, cursus et, eros. Proin ultrices. Duis volutpat nunc sit amet metus. Aliquam erat volutpat. Nulla facilisis. Suspendisse commodo tincidunt nibh. Phasellus',67.0000),(79,'Suspendisse sed dolor. Fusce mi lorem, vehicula et, rutrum eu, ultrices sit amet, risus. Donec nibh enim, gravida sit amet, dapibus id, blandit at, nisi. Cum sociis natoque penatibus et magnis dis parturient montes, nascetur ridiculus mus.',58.0000),(80,'purus ac tellus. Suspendisse sed dolor. Fusce mi lorem, vehicula et, rutrum eu, ultrices sit amet, risus. Donec nibh enim, gravida sit amet, dapibus id, blandit at, nisi. Cum sociis natoque penatibus et magnis dis parturient',86.0000),(81,'Duis mi enim, condimentum eget, volutpat ornare, facilisis eget, ipsum. Donec sollicitudin adipiscing ligula. Aenean gravida nunc sed pede. Cum sociis natoque penatibus et magnis dis parturient montes, nascetur ridiculus mus. Proin vel arcu eu odio tristique pharetra. Quisque ac',91.0000),(82,'ultrices. Vivamus rhoncus. Donec est. Nunc ullamcorper, velit in aliquet lobortis, nisi nibh lacinia orci, consectetuer euismod est arcu ac orci.',4.0000),(83,'justo nec ante. Maecenas mi felis, adipiscing fringilla, porttitor vulputate, posuere vulputate, lacus. Cras interdum. Nunc sollicitudin commodo ipsum. Suspendisse non leo. Vivamus nibh',52.0000),(84,'tellus id nunc interdum feugiat. Sed nec metus facilisis lorem tristique aliquet. Phasellus fermentum convallis ligula. Donec luctus aliquet odio. Etiam ligula tortor, dictum eu, placerat eget, venenatis a, magna.',67.0000),(85,'vitae purus gravida sagittis. Duis gravida. Praesent eu nulla at sem molestie sodales. Mauris blandit enim consequat purus. Maecenas libero est, congue a, aliquet vel, vulputate eu, odio. Phasellus at augue id',32.0000),(86,'augue malesuada malesuada. Integer id magna et ipsum cursus vestibulum. Mauris magna. Duis dignissim tempor arcu. Vestibulum ut eros non enim commodo hendrerit. Donec porttitor tellus non magna. Nam ligula',42.0000),(87,'nunc. Quisque ornare tortor at risus. Nunc ac sem ut dolor dapibus gravida. Aliquam tincidunt, nunc ac mattis ornare, lectus ante dictum mi, ac mattis velit justo nec ante. Maecenas mi',52.0000),(88,'auctor ullamcorper, nisl arcu iaculis enim, sit amet ornare lectus justo eu arcu. Morbi sit amet massa. Quisque porttitor eros nec tellus. Nunc lectus pede, ultrices a, auctor non, feugiat nec, diam. Duis mi',90.0000),(89,'ligula eu enim. Etiam imperdiet dictum magna. Ut tincidunt orci quis lectus. Nullam suscipit, est ac facilisis facilisis, magna',90.0000),(90,'Fusce mollis. Duis sit amet diam eu dolor egestas rhoncus. Proin nisl sem, consequat nec, mollis vitae, posuere at, velit. Cras lorem lorem, luctus ut, pellentesque eget, dictum placerat, augue. Sed molestie. Sed',62.0000),(91,'nisl. Maecenas malesuada fringilla est. Mauris eu turpis. Nulla aliquet. Proin velit. Sed malesuada augue ut lacus. Nulla tincidunt, neque vitae semper egestas, urna justo faucibus lectus, a sollicitudin orci sem eget massa. Suspendisse',51.0000),(92,'id, ante. Nunc mauris sapien, cursus in, hendrerit consectetuer, cursus et, magna. Praesent interdum ligula eu enim. Etiam imperdiet dictum',95.0000),(93,'ut mi. Duis risus odio, auctor vitae, aliquet nec, imperdiet nec, leo. Morbi neque tellus, imperdiet non, vestibulum nec, euismod in, dolor. Fusce feugiat. Lorem ipsum dolor sit amet, consectetuer adipiscing elit. Aliquam auctor, velit eget laoreet',27.0000),(94,'dignissim tempor arcu. Vestibulum ut eros non enim commodo hendrerit. Donec porttitor tellus non magna. Nam ligula elit, pretium et, rutrum non, hendrerit id, ante. Nunc mauris sapien, cursus in, hendrerit consectetuer, cursus et, magna. Praesent interdum ligula eu enim.',58.0000),(95,'Aliquam vulputate ullamcorper magna. Sed eu eros. Nam consequat dolor vitae dolor. Donec fringilla. Donec feugiat metus sit amet ante. Vivamus non lorem vitae odio sagittis semper. Nam tempor diam dictum sapien. Aenean massa. Integer vitae',48.0000),(96,'at risus. Nunc ac sem ut dolor dapibus gravida. Aliquam tincidunt, nunc ac mattis ornare, lectus ante dictum mi, ac mattis velit justo nec ante. Maecenas mi felis, adipiscing fringilla, porttitor vulputate, posuere vulputate, lacus. Cras interdum.',27.0000),(97,'pede ac urna. Ut tincidunt vehicula risus. Nulla eget metus eu erat semper rutrum. Fusce',85.0000),(98,'odio, auctor vitae, aliquet nec, imperdiet nec, leo. Morbi neque tellus,',43.0000),(99,'viverra. Donec tempus, lorem fringilla ornare placerat, orci lacus vestibulum lorem, sit amet ultricies sem magna nec quam. Curabitur',65.0000),(100,'velit egestas lacinia. Sed congue, elit sed consequat auctor, nunc nulla vulputate dui, nec tempus mauris erat eget ipsum. Suspendisse sagittis. Nullam vitae',38.0000);
/*!40000 ALTER TABLE `recipe` ENABLE KEYS */;
UNLOCK TABLES;

--
-- Table structure for table `restaurant_services`
--

DROP TABLE IF EXISTS `restaurant_services`;
/*!40101 SET @saved_cs_client     = @@character_set_client */;
/*!50503 SET character_set_client = utf8mb4 */;
CREATE TABLE `restaurant_services` (
  `service_ID` int NOT NULL,
  PRIMARY KEY (`service_ID`),
  KEY `fk_service_idx` (`service_ID`),
  CONSTRAINT `fk_service` FOREIGN KEY (`service_ID`) REFERENCES `myapp`.`service` (`service_ID`) ON DELETE CASCADE ON UPDATE CASCADE
) ENGINE=InnoDB DEFAULT CHARSET=utf8mb4 COLLATE=utf8mb4_0900_ai_ci;
/*!40101 SET character_set_client = @saved_cs_client */;

--
-- Dumping data for table `restaurant_services`
--

LOCK TABLES `restaurant_services` WRITE;
/*!40000 ALTER TABLE `restaurant_services` DISABLE KEYS */;
INSERT INTO `restaurant_services` VALUES (2),(5),(10),(16);
/*!40000 ALTER TABLE `restaurant_services` ENABLE KEYS */;
UNLOCK TABLES;

--
-- Table structure for table `restaurants`
--

DROP TABLE IF EXISTS `restaurants`;
/*!40101 SET @saved_cs_client     = @@character_set_client */;
/*!50503 SET character_set_client = utf8mb4 */;
CREATE TABLE `restaurants` (
  `restaurant_ID` int NOT NULL AUTO_INCREMENT,
  `name` varchar(45) NOT NULL,
  `description` varchar(500) DEFAULT NULL,
  `address` varchar(150) NOT NULL,
  `city` varchar(45) NOT NULL,
  `country` varchar(45) NOT NULL,
  `zip_code` varchar(45) NOT NULL,
  `username` varchar(45) NOT NULL,
  `password` varchar(45) NOT NULL,
  `website` varchar(45) DEFAULT NULL,
  `phone` varchar(45) DEFAULT NULL,
  `email` varchar(45) DEFAULT NULL,
  `rating` decimal(3,2) DEFAULT NULL,
  `profile_photo_uri` varchar(500) DEFAULT NULL,
  PRIMARY KEY (`restaurant_ID`)
) ENGINE=InnoDB AUTO_INCREMENT=11 DEFAULT CHARSET=utf8mb4 COLLATE=utf8mb4_0900_ai_ci;
/*!40101 SET character_set_client = @saved_cs_client */;

--
-- Dumping data for table `restaurants`
--

LOCK TABLES `restaurants` WRITE;
/*!40000 ALTER TABLE `restaurants` DISABLE KEYS */;
INSERT INTO `restaurants` VALUES (1,'Fermentum Ltd','convallis convallis dolor. Quisque tincidunt pede ac urna. Ut tincidunt vehicula risus. Nulla eget metus eu erat semper rutrum. Fusce dolor quam, elementum at, egestas a, scelerisque sed, sapien. Nunc pulvinar arcu et','Ap #872-980 Ante Road','Murcia','Spain','13884','posuere','VJQ99FWG9QQ','http://www.web1.com','666666666','web2@gmail.com',4.20,NULL),(2,'Sodales Purus Company','mauris sagittis placerat. Cras dictum ultricies ligula. Nullam enim. Sed nulla ante, iaculis nec, eleifend non, dapibus rutrum, justo.','P.O. Box 663, 6961 Et St.','Santander','Spain','24642','convallis','SMJ15DEA9KI',NULL,NULL,NULL,3.10,NULL),(3,'Sociis Natoque Penatibus Inc.','velit. Cras lorem lorem, luctus ut, pellentesque eget, dictum placerat, augue. Sed molestie. Sed id risus quis diam luctus lobortis. Class aptent taciti sociosqu ad litora torquent per conubia nostra, per inceptos hymenaeos. Mauris ut quam vel sapien','8108 Magna. Av.','Santander','Spain','77764','mollis','FPN84XNO1JJ','http://www.web3.es','633633633','web1@gmail.com',5.00,NULL),(4,'At LLC','urna. Nunc quis arcu vel quam dignissim pharetra. Nam ac nulla. In tincidunt congue turpis. In condimentum. Donec at arcu. Vestibulum ante ipsum primis in faucibus orci luctus et ultrices posuere cubilia Curae; Donec tincidunt. Donec vitae erat vel pede blandit congue. In scelerisque scelerisque dui. Suspendisse ac metus','417-2948 Auctor Rd.','Ourense','Spain','22595','tincidunt.','NLV80AQZ4XG',NULL,NULL,NULL,4.80,NULL),(5,'Feugiat Lorem Company','tincidunt. Donec vitae erat vel pede blandit congue. In scelerisque scelerisque dui. Suspendisse ac metus vitae velit egestas lacinia. Sed congue, elit sed consequat auctor, nunc nulla vulputate dui, nec tempus','P.O. Box 637, 6794 Eleifend. Rd.','Castelló','Spain','04122','Sed','HFB53IKI6PV',NULL,NULL,NULL,4.10,NULL),(6,'Interdum Feugiat Sed Associates','magna. Praesent interdum ligula eu enim. Etiam imperdiet dictum magna. Ut tincidunt orci quis lectus. Nullam suscipit, est ac facilisis facilisis, magna tellus faucibus leo, in lobortis tellus justo sit amet nulla. Donec non justo. Proin non massa non ante bibendum ullamcorper. Duis cursus, diam at','571-2852 Pede Ave','Cuenca','Spain','33507','non,','PHG55GTV0FE',NULL,NULL,NULL,2.40,NULL),(7,'Suspendisse Eleifend Cras Industries','quis, pede. Suspendisse dui. Fusce diam nunc, ullamcorper eu, euismod ac, fermentum vel, mauris. Integer sem elit, pharetra ut, pharetra sed, hendrerit a, arcu. Sed et libero. Proin mi. Aliquam gravida mauris ut mi. Duis risus odio, auctor vitae, aliquet nec, imperdiet nec,','7276 Sem Road','Logroño','Spain','11756','Cras','RDX10BCX3WU',NULL,NULL,NULL,3.50,NULL),(8,'Dolor Vitae Ltd','consectetuer ipsum nunc id enim. Curabitur massa. Vestibulum accumsan neque et nunc. Quisque ornare tortor at risus. Nunc ac sem ut dolor dapibus gravida. Aliquam tincidunt, nunc ac mattis ornare, lectus ante dictum mi, ac mattis velit justo nec ante. Maecenas mi felis, adipiscing fringilla, porttitor vulputate, posuere vulputate,','419-2722 Sollicitudin Ave','Cáceres','Spain','47484','tristique','CNI27FCH4LB',NULL,NULL,NULL,4.50,NULL),(9,'Sem LLP','amet ultricies sem magna nec quam. Curabitur vel lectus. Cum sociis natoque penatibus et magnis dis parturient montes, nascetur ridiculus mus. Donec dignissim magna a tortor.','Ap #577-2066 Tempor Rd.','Melilla','Spain','35866','massa.','AJE43HPE6OB',NULL,NULL,NULL,4.90,NULL),(10,'Erat Vitae LLC','massa rutrum magna. Cras convallis convallis dolor. Quisque tincidunt pede ac urna. Ut tincidunt vehicula risus. Nulla eget metus eu erat semper rutrum. Fusce dolor quam, elementum at, egestas a, scelerisque sed, sapien. Nunc pulvinar arcu et pede. Nunc sed','P.O. Box 429, 4212 Ante Rd.','Teruel','Spain','14763','est,','TAQ44VYA6FM',NULL,NULL,NULL,2.70,NULL);
/*!40000 ALTER TABLE `restaurants` ENABLE KEYS */;
UNLOCK TABLES;

--
-- Table structure for table `rol_permission`
--

DROP TABLE IF EXISTS `rol_permission`;
/*!40101 SET @saved_cs_client     = @@character_set_client */;
/*!50503 SET character_set_client = utf8mb4 */;
CREATE TABLE `rol_permission` (
  `rol_ID` int NOT NULL,
  `permission_ID` int NOT NULL,
  PRIMARY KEY (`rol_ID`,`permission_ID`),
  KEY `fk_rol_permission_rol_idx` (`rol_ID`),
  KEY `fk_rol_permission_permission_idx` (`permission_ID`),
  CONSTRAINT `fk_rol_permission_permission` FOREIGN KEY (`permission_ID`) REFERENCES `myapp`.`permissions` (`permission_ID`) ON DELETE CASCADE ON UPDATE CASCADE,
  CONSTRAINT `fk_rol_permission_rol` FOREIGN KEY (`rol_ID`) REFERENCES `myapp`.`roles` (`rol_ID`) ON DELETE CASCADE ON UPDATE CASCADE
) ENGINE=InnoDB DEFAULT CHARSET=utf8mb4 COLLATE=utf8mb4_0900_ai_ci;
/*!40101 SET character_set_client = @saved_cs_client */;

--
-- Dumping data for table `rol_permission`
--

LOCK TABLES `rol_permission` WRITE;
/*!40000 ALTER TABLE `rol_permission` DISABLE KEYS */;
INSERT INTO `rol_permission` VALUES (1,2),(1,3),(1,4),(1,5),(1,7),(1,8),(2,1),(2,3),(2,5),(3,6),(4,6),(4,7),(5,1),(5,2),(5,3),(5,4),(5,5);
/*!40000 ALTER TABLE `rol_permission` ENABLE KEYS */;
UNLOCK TABLES;

--
-- Table structure for table `service`
--

DROP TABLE IF EXISTS `service`;
/*!40101 SET @saved_cs_client     = @@character_set_client */;
/*!50503 SET character_set_client = utf8mb4 */;
CREATE TABLE `service` (
  `service_ID` int NOT NULL AUTO_INCREMENT,
  `name` varchar(45) NOT NULL,
  PRIMARY KEY (`service_ID`)
) ENGINE=InnoDB AUTO_INCREMENT=17 DEFAULT CHARSET=utf8mb4 COLLATE=utf8mb4_0900_ai_ci;
/*!40101 SET character_set_client = @saved_cs_client */;

--
-- Dumping data for table `service`
--

LOCK TABLES `service` WRITE;
/*!40000 ALTER TABLE `service` DISABLE KEYS */;
INSERT INTO `service` VALUES (1,'terrace'),(2,'heating'),(3,'dogs allowed'),(4,'pets allowed'),(5,'wifi'),(6,'parking'),(7,'delivery'),(8,'take away'),(9,'online booking'),(10,'disabled access'),(11,'credit card payment'),(12,'PayPal payment'),(13,'Bizum payment'),(14,'buffet'),(15,'TV'),(16,'Music');
/*!40000 ALTER TABLE `service` ENABLE KEYS */;
UNLOCK TABLES;

--
-- Table structure for table `shift`
--

DROP TABLE IF EXISTS `shift`;
/*!40101 SET @saved_cs_client     = @@character_set_client */;
/*!50503 SET character_set_client = utf8mb4 */;
CREATE TABLE `shift` (
  `shift_ID` int NOT NULL AUTO_INCREMENT,
  `start` time NOT NULL,
  `finish` time NOT NULL,
  PRIMARY KEY (`shift_ID`)
) ENGINE=InnoDB AUTO_INCREMENT=6 DEFAULT CHARSET=utf8mb4 COLLATE=utf8mb4_0900_ai_ci;
/*!40101 SET character_set_client = @saved_cs_client */;

--
-- Dumping data for table `shift`
--

LOCK TABLES `shift` WRITE;
/*!40000 ALTER TABLE `shift` DISABLE KEYS */;
INSERT INTO `shift` VALUES (1,'08:00:00','16:00:00'),(2,'12:00:00','20:00:00'),(3,'10:00:00','18:00:00'),(4,'14:00:00','22:00:00'),(5,'16:00:00','24:00:00');
/*!40000 ALTER TABLE `shift` ENABLE KEYS */;
UNLOCK TABLES;

--
-- Table structure for table `shift_done`
--

DROP TABLE IF EXISTS `shift_done`;
/*!40101 SET @saved_cs_client     = @@character_set_client */;
/*!50503 SET character_set_client = utf8mb4 */;
CREATE TABLE `shift_done` (
  `shift_done_ID` int NOT NULL AUTO_INCREMENT,
  `employee_ID` int NOT NULL,
  `day` date NOT NULL,
  `hour_arrival` time NOT NULL,
  `hour_departure` time NOT NULL,
  PRIMARY KEY (`shift_done_ID`),
  KEY `fk_shift_done_employee_idx` (`employee_ID`),
  CONSTRAINT `fk_shift_done_employee` FOREIGN KEY (`employee_ID`) REFERENCES `employee` (`employee_ID`)
) ENGINE=InnoDB AUTO_INCREMENT=201 DEFAULT CHARSET=utf8mb4 COLLATE=utf8mb4_0900_ai_ci;
/*!40101 SET character_set_client = @saved_cs_client */;

--
-- Dumping data for table `shift_done`
--

LOCK TABLES `shift_done` WRITE;
/*!40000 ALTER TABLE `shift_done` DISABLE KEYS */;
INSERT INTO `shift_done` VALUES (1,7,'2021-06-11','15:13:14','09:33:56'),(2,3,'2020-05-02','17:51:47','22:40:52'),(3,4,'2020-05-21','07:10:08','13:57:47'),(4,2,'2020-03-30','08:21:49','08:54:51'),(5,5,'2021-01-06','06:10:16','04:17:41'),(6,9,'2020-03-29','12:15:24','17:22:57'),(7,9,'2021-06-30','12:32:04','19:09:35'),(8,7,'2020-09-15','15:43:38','20:18:42'),(9,9,'2020-02-24','21:09:47','05:45:32'),(10,9,'2020-02-10','04:02:17','21:19:45'),(11,3,'2021-05-11','08:47:14','07:47:35'),(12,2,'2021-10-03','11:47:03','10:50:03'),(13,2,'2021-05-26','06:15:54','20:16:02'),(14,1,'2021-06-24','13:54:12','04:50:02'),(15,10,'2021-06-12','05:20:08','05:45:27'),(16,4,'2020-09-10','17:23:01','07:59:03'),(17,7,'2021-04-26','20:41:30','23:52:27'),(18,1,'2021-11-03','07:47:09','20:03:53'),(19,7,'2020-03-18','07:58:27','16:32:10'),(20,1,'2021-06-14','00:23:34','04:34:19'),(21,10,'2021-02-22','21:46:32','00:22:56'),(22,10,'2020-10-02','18:53:14','20:50:16'),(23,3,'2021-03-13','06:05:08','13:45:55'),(24,6,'2020-10-15','00:02:07','23:32:52'),(25,7,'2020-08-06','19:14:00','11:56:33'),(26,9,'2021-06-04','16:13:56','09:44:12'),(27,3,'2019-12-24','12:58:00','20:02:19'),(28,2,'2021-08-16','09:20:06','16:01:41'),(29,1,'2020-11-02','19:46:29','19:39:50'),(30,9,'2021-08-28','15:51:02','11:49:32'),(31,2,'2020-02-07','12:08:06','00:42:13'),(32,2,'2020-11-04','10:10:22','21:53:15'),(33,5,'2021-04-05','12:23:19','04:23:39'),(34,7,'2021-06-21','09:48:03','17:43:12'),(35,5,'2021-02-13','14:39:33','23:34:03'),(36,1,'2021-07-20','08:02:49','12:18:24'),(37,10,'2021-01-01','20:45:01','13:31:21'),(38,7,'2021-08-31','12:40:07','11:14:20'),(39,1,'2020-07-29','08:02:10','15:31:30'),(40,4,'2021-07-22','23:44:34','21:11:09'),(41,2,'2021-05-12','04:06:35','04:19:55'),(42,8,'2020-08-07','07:54:35','09:15:09'),(43,7,'2021-02-22','09:59:08','02:18:32'),(44,6,'2021-05-07','09:13:51','11:46:12'),(45,9,'2021-08-09','03:25:36','08:59:25'),(46,5,'2020-06-22','20:18:11','22:47:40'),(47,5,'2021-08-07','19:21:53','16:22:54'),(48,4,'2021-05-14','16:15:20','15:23:53'),(49,1,'2021-02-07','12:31:25','07:31:25'),(50,1,'2021-04-16','15:11:03','22:26:39'),(51,5,'2021-06-04','10:40:01','06:38:06'),(52,10,'2021-10-19','10:15:45','16:30:33'),(53,7,'2021-03-23','06:07:51','06:06:25'),(54,7,'2020-06-19','23:24:51','01:08:34'),(55,8,'2021-03-21','00:38:29','10:45:29'),(56,4,'2020-10-10','07:54:44','22:05:49'),(57,9,'2021-06-22','08:12:40','16:07:07'),(58,2,'2021-02-03','17:22:29','17:27:11'),(59,3,'2021-01-20','09:51:40','04:13:31'),(60,9,'2020-09-22','19:43:48','19:30:14'),(61,9,'2020-09-24','21:14:57','10:17:20'),(62,10,'2020-07-08','00:34:11','06:50:10'),(63,3,'2020-12-06','04:17:33','23:55:55'),(64,10,'2020-05-05','09:12:10','11:57:41'),(65,1,'2021-06-03','18:23:10','04:02:32'),(66,7,'2020-08-19','05:22:28','01:08:17'),(67,8,'2020-09-24','22:49:23','01:19:31'),(68,4,'2020-02-03','22:47:29','09:50:46'),(69,6,'2021-01-09','10:37:56','00:51:36'),(70,8,'2020-02-19','18:55:58','19:11:57'),(71,3,'2020-02-21','06:38:57','19:09:33'),(72,10,'2021-09-26','01:18:01','05:01:07'),(73,1,'2021-04-03','17:44:08','03:06:23'),(74,9,'2020-08-14','02:13:24','15:55:56'),(75,9,'2020-08-26','13:17:48','00:21:31'),(76,10,'2020-02-29','02:25:51','11:57:55'),(77,3,'2020-06-30','04:11:56','13:31:01'),(78,1,'2021-03-09','07:05:26','02:55:06'),(79,7,'2021-03-07','16:00:07','15:06:47'),(80,8,'2020-11-16','07:14:42','13:59:42'),(81,7,'2021-04-24','11:15:07','09:32:20'),(82,4,'2021-12-03','15:16:20','18:42:31'),(83,9,'2021-05-27','15:20:41','22:29:04'),(84,5,'2020-07-30','21:41:13','22:37:06'),(85,8,'2021-09-07','20:50:21','05:44:06'),(86,9,'2020-05-30','07:42:36','23:23:44'),(87,1,'2021-06-05','13:45:54','11:15:03'),(88,6,'2021-04-29','02:33:23','17:54:53'),(89,9,'2020-04-27','11:08:16','21:28:01'),(90,6,'2021-05-09','06:30:37','23:13:02'),(91,9,'2020-04-15','06:28:17','23:34:34'),(92,8,'2021-08-24','04:58:27','07:05:38'),(93,10,'2020-07-18','08:13:40','10:57:53'),(94,9,'2020-05-05','18:59:37','01:03:28'),(95,1,'2020-01-08','00:29:54','05:57:36'),(96,1,'2021-07-07','07:30:58','10:03:17'),(97,3,'2019-12-31','09:01:46','08:52:42'),(98,8,'2020-11-04','09:55:02','19:14:51'),(99,6,'2020-03-26','12:43:58','16:02:32'),(100,1,'2020-08-23','02:04:08','16:15:59'),(101,8,'2020-06-20','21:56:08','23:12:32'),(102,1,'2020-04-22','03:05:11','08:22:27'),(103,3,'2021-08-23','15:58:31','14:53:32'),(104,3,'2021-12-19','16:11:30','06:04:12'),(105,4,'2021-09-06','00:25:36','03:29:50'),(106,3,'2021-07-10','15:45:03','22:25:44'),(107,9,'2021-04-22','03:57:36','10:07:08'),(108,3,'2021-09-24','12:50:41','23:15:57'),(109,5,'2020-07-17','03:27:23','15:44:02'),(110,1,'2020-04-11','16:50:11','00:06:02'),(111,7,'2020-06-14','18:08:37','06:47:20'),(112,6,'2020-03-10','17:40:00','00:58:07'),(113,7,'2021-09-05','15:56:39','16:41:13'),(114,2,'2020-02-25','22:44:53','11:42:53'),(115,5,'2021-09-11','04:22:02','08:09:37'),(116,4,'2021-04-08','00:35:25','07:52:56'),(117,8,'2020-01-21','06:42:47','04:27:24'),(118,3,'2020-09-25','13:15:32','23:01:18'),(119,2,'2021-12-22','16:25:34','20:48:00'),(120,10,'2021-04-07','08:49:11','05:00:00'),(121,1,'2020-09-01','00:34:06','06:43:09'),(122,8,'2021-02-15','19:30:30','22:27:31'),(123,6,'2020-10-22','20:19:01','04:39:44'),(124,8,'2020-01-26','21:37:26','22:38:29'),(125,3,'2019-12-23','02:28:26','20:10:40'),(126,8,'2021-01-01','10:14:38','09:53:44'),(127,6,'2021-06-03','00:38:52','11:39:45'),(128,6,'2020-05-02','20:45:39','17:34:46'),(129,7,'2020-05-04','10:37:01','00:01:49'),(130,2,'2021-06-04','08:07:19','12:56:19'),(131,5,'2021-05-16','11:13:15','19:30:29'),(132,9,'2021-07-26','22:47:19','15:35:57'),(133,7,'2021-03-14','06:15:56','15:25:44'),(134,3,'2021-05-31','02:01:10','00:27:52'),(135,3,'2021-02-25','06:16:35','17:39:23'),(136,5,'2021-07-21','01:16:46','04:14:31'),(137,1,'2020-02-13','12:35:00','16:01:54'),(138,9,'2021-08-25','11:04:21','04:33:03'),(139,3,'2021-11-25','07:17:29','15:21:47'),(140,9,'2021-12-10','09:15:31','11:29:52'),(141,10,'2020-04-02','19:58:47','13:28:48'),(142,6,'2020-01-25','14:14:59','04:47:28'),(143,1,'2020-06-01','20:34:20','19:16:23'),(144,4,'2021-06-03','01:37:41','08:50:00'),(145,7,'2021-07-19','13:23:31','20:57:19'),(146,8,'2021-04-05','11:08:10','16:15:56'),(147,10,'2020-09-24','17:59:42','06:28:49'),(148,8,'2021-10-27','23:26:18','20:24:58'),(149,1,'2021-08-09','04:49:40','07:56:08'),(150,7,'2020-04-13','20:44:51','14:54:03'),(151,8,'2020-10-17','19:24:58','14:47:37'),(152,1,'2021-03-27','22:02:29','13:08:27'),(153,9,'2021-11-01','09:53:09','16:56:03'),(154,2,'2021-05-12','14:15:19','20:59:10'),(155,8,'2020-06-13','11:14:38','20:30:41'),(156,4,'2021-01-04','10:03:03','12:10:10'),(157,10,'2021-06-08','00:51:33','02:39:34'),(158,4,'2020-04-14','23:25:03','14:51:32'),(159,8,'2020-10-16','05:52:31','11:31:10'),(160,6,'2021-08-16','13:28:19','10:46:42'),(161,2,'2021-04-27','10:30:55','10:50:02'),(162,1,'2021-12-12','08:41:14','22:41:45'),(163,9,'2021-06-11','09:02:16','16:15:58'),(164,5,'2021-01-01','01:27:45','18:14:44'),(165,10,'2020-06-22','16:00:27','19:59:24'),(166,7,'2021-01-16','09:38:14','15:31:16'),(167,2,'2020-07-18','11:11:00','19:43:00'),(168,5,'2021-09-08','11:34:32','02:39:07'),(169,6,'2021-01-25','19:54:00','08:44:04'),(170,7,'2020-04-21','08:45:27','21:52:29'),(171,9,'2021-08-18','15:11:27','06:13:28'),(172,2,'2020-09-22','04:03:07','01:55:18'),(173,9,'2020-03-06','00:29:37','00:38:51'),(174,9,'2020-08-17','20:05:45','22:43:51'),(175,7,'2020-09-24','19:33:23','03:20:38'),(176,1,'2021-06-01','15:22:49','17:24:12'),(177,9,'2021-04-13','18:22:07','19:05:33'),(178,5,'2021-10-13','21:16:06','04:44:27'),(179,3,'2020-05-11','21:08:22','13:23:32'),(180,3,'2020-05-09','00:14:45','02:44:02'),(181,3,'2020-02-09','15:05:43','02:12:37'),(182,3,'2020-04-07','07:23:15','15:15:47'),(183,3,'2021-02-01','00:25:13','13:52:22'),(184,7,'2020-02-28','11:27:34','23:33:47'),(185,1,'2020-09-25','18:13:13','00:52:11'),(186,6,'2021-04-11','00:48:58','21:34:26'),(187,1,'2020-04-26','00:22:05','03:32:35'),(188,6,'2020-11-30','23:13:19','04:19:29'),(189,3,'2021-03-23','08:32:15','01:23:19'),(190,6,'2021-04-21','08:24:28','23:10:08'),(191,6,'2021-11-18','19:38:28','07:27:27'),(192,9,'2021-08-11','16:21:25','17:00:09'),(193,3,'2020-05-28','10:12:22','06:53:04'),(194,7,'2020-03-27','04:24:02','10:25:48'),(195,7,'2020-11-01','08:30:21','16:57:33'),(196,4,'2021-05-12','22:18:55','19:08:02'),(197,7,'2020-11-21','15:51:15','22:23:42'),(198,5,'2021-02-22','21:19:20','08:05:40'),(199,4,'2020-01-26','14:16:53','13:10:06'),(200,6,'2020-09-15','11:47:54','11:40:02');
/*!40000 ALTER TABLE `shift_done` ENABLE KEYS */;
UNLOCK TABLES;

--
-- Table structure for table `staff_holidays`
--

DROP TABLE IF EXISTS `staff_holidays`;
/*!40101 SET @saved_cs_client     = @@character_set_client */;
/*!50503 SET character_set_client = utf8mb4 */;
CREATE TABLE `staff_holidays` (
  `holiday` date NOT NULL,
  `employee_ID` int NOT NULL,
  PRIMARY KEY (`holiday`,`employee_ID`),
  KEY `fk_staff_holidays_employee_idx` (`employee_ID`),
  CONSTRAINT `fk_staff_holidays_employee` FOREIGN KEY (`employee_ID`) REFERENCES `employee` (`employee_ID`) ON DELETE CASCADE ON UPDATE CASCADE
) ENGINE=InnoDB DEFAULT CHARSET=utf8mb4 COLLATE=utf8mb4_0900_ai_ci;
/*!40101 SET character_set_client = @saved_cs_client */;

--
-- Dumping data for table `staff_holidays`
--

LOCK TABLES `staff_holidays` WRITE;
/*!40000 ALTER TABLE `staff_holidays` DISABLE KEYS */;
INSERT INTO `staff_holidays` VALUES ('2020-02-14',1),('2020-03-05',1),('2020-03-17',1),('2020-06-24',1),('2020-08-24',1),('2020-09-09',1),('2021-04-17',1),('2021-05-21',1),('2021-10-13',1),('2021-10-15',1),('2020-04-10',2),('2020-04-25',2),('2020-05-22',2),('2020-07-14',2),('2020-07-17',2),('2020-08-14',2),('2020-09-15',2),('2020-12-29',2),('2020-12-31',2),('2021-01-06',2),('2021-01-20',2),('2021-06-18',2),('2021-09-23',2),('2020-02-17',3),('2020-03-12',3),('2020-07-06',3),('2020-07-14',3),('2020-07-30',3),('2020-09-12',3),('2020-10-08',3),('2020-10-14',3),('2020-10-16',3),('2021-04-15',3),('2021-04-21',3),('2021-07-25',3),('2021-08-13',3),('2020-01-08',4),('2020-04-10',4),('2020-04-30',4),('2020-07-06',4),('2020-10-17',4),('2020-11-14',4),('2020-12-24',4),('2021-02-14',4),('2021-02-15',4),('2021-02-27',4),('2021-06-27',4),('2021-07-31',4),('2021-09-03',4),('2021-09-20',4),('2020-03-02',5),('2020-06-24',5),('2020-11-08',5),('2021-05-15',5),('2021-06-14',5),('2021-06-23',5),('2021-07-30',5),('2021-10-21',5),('2020-07-20',6),('2020-08-17',6),('2020-08-31',6),('2020-11-17',6),('2021-02-02',6),('2021-04-08',6),('2021-05-08',6),('2021-06-29',6),('2021-09-17',6),('2020-01-23',7),('2020-02-02',7),('2020-03-28',7),('2020-06-21',7),('2021-01-06',7),('2021-02-09',7),('2021-04-15',7),('2021-05-09',7),('2021-08-08',7),('2021-09-13',7),('2021-10-21',7),('2021-11-16',7),('2021-12-16',7),('2020-05-24',8),('2020-10-08',8),('2020-11-14',8),('2021-01-16',8),('2021-03-13',8),('2021-03-26',8),('2021-05-04',8),('2020-02-04',9),('2020-02-17',9),('2020-03-18',9),('2020-08-28',9),('2020-09-03',9),('2020-12-01',9),('2021-09-19',9),('2021-09-30',9),('2021-10-22',9),('2020-05-22',10),('2020-08-03',10),('2021-01-15',10),('2021-04-12',10);
/*!40000 ALTER TABLE `staff_holidays` ENABLE KEYS */;
UNLOCK TABLES;

--
-- Table structure for table `status`
--

DROP TABLE IF EXISTS `status`;
/*!40101 SET @saved_cs_client     = @@character_set_client */;
/*!50503 SET character_set_client = utf8mb4 */;
CREATE TABLE `status` (
  `status_ID` int NOT NULL AUTO_INCREMENT,
  `name` varchar(45) NOT NULL,
  PRIMARY KEY (`status_ID`)
) ENGINE=InnoDB AUTO_INCREMENT=506 DEFAULT CHARSET=utf8mb4 COLLATE=utf8mb4_0900_ai_ci;
/*!40101 SET character_set_client = @saved_cs_client */;

--
-- Dumping data for table `status`
--

LOCK TABLES `status` WRITE;
/*!40000 ALTER TABLE `status` DISABLE KEYS */;
INSERT INTO `status` VALUES (101,'free'),(102,'occupied'),(103,'reserved'),(104,'unavailable'),(201,'ordered'),(202,'sent to kitchen'),(203,'cooked'),(204,'on delivery'),(205,'served'),(206,'paid'),(301,'working'),(302,'on holidays'),(303,'sick leave'),(304,'resting'),(401,'ordered'),(402,'prepared'),(403,'sent'),(404,'on deliver'),(405,'delivered'),(406,'error'),(501,'ready for payment'),(502,'payment in process'),(503,'paid'),(504,'outstanding'),(505,'error');
/*!40000 ALTER TABLE `status` ENABLE KEYS */;
UNLOCK TABLES;

--
-- Table structure for table `supplier`
--

DROP TABLE IF EXISTS `supplier`;
/*!40101 SET @saved_cs_client     = @@character_set_client */;
/*!50503 SET character_set_client = utf8mb4 */;
CREATE TABLE `supplier` (
  `supplier_ID` int NOT NULL AUTO_INCREMENT,
  `name` varchar(45) NOT NULL,
  `username` varchar(45) DEFAULT NULL,
  `password` varchar(45) DEFAULT NULL,
  `address` varchar(150) DEFAULT NULL,
  `city` varchar(45) NOT NULL,
  `country` varchar(45) NOT NULL,
  `zip_code` varchar(45) NOT NULL,
  PRIMARY KEY (`supplier_ID`)
) ENGINE=InnoDB AUTO_INCREMENT=31 DEFAULT CHARSET=utf8mb4 COLLATE=utf8mb4_0900_ai_ci;
/*!40101 SET character_set_client = @saved_cs_client */;

--
-- Dumping data for table `supplier`
--

LOCK TABLES `supplier` WRITE;
/*!40000 ALTER TABLE `supplier` DISABLE KEYS */;
INSERT INTO `supplier` VALUES (1,'Facilisis Facilisis Incorporated','In','TNZ39VJF0ER','4493 Eu Rd.','Logroño','Spain','38544'),(2,'Enim Gravida Sit Industries','dictum.','UEV71EKW7EN','Ap #242-1694 Ipsum. Street','Melilla','Spain','38303'),(3,'Enim Etiam Gravida Corporation','gravida','APA38FAZ4ZX','2824 Hendrerit Road','Palencia','Spain','79421'),(4,'Nulla Corporation','arcu','KNN37ECF2TJ','Ap #250-4225 Ut Avenue','Getafe','Spain','23102'),(5,'Sagittis Felis Company','nec','DYR27VOU7QX','448-6795 Ullamcorper Rd.','Pamplona','Spain','04130'),(6,'Arcu Sed Et Limited','eu','OGU93CBK0WJ','Ap #387-2003 Odio. Street','Huesca','Spain','02764'),(7,'Feugiat Consulting','sed','QSR21RHQ3AC','1942 Bibendum Ave','Albacete','Spain','10398'),(8,'Tellus Lorem Institute','a','URJ46AXE3MT','Ap #504-1339 A Av.','Santander','Spain','85369'),(9,'Pede Limited','eu','FWR59BMC4VX','P.O. Box 947, 4519 Pede. St.','Melilla','Spain','00775'),(10,'Maecenas Company','litora','AMY46WON0TP','Ap #851-2018 Nascetur St.','Huelva','Spain','98436'),(11,'Rutrum Magna Foundation','urna.','TOQ33NDM6BT','Ap #784-8351 Luctus St.','Ourense','Spain','66752'),(12,'Malesuada Vel Corporation','Proin','DYJ36ZOB5YZ','P.O. Box 738, 8326 Risus, Road','León','Spain','09467'),(13,'Proin Ultrices Duis Consulting','Proin','HFF43AEL8PU','767-277 Nunc Avenue','Ceuta','Spain','28436'),(14,'Enim Condimentum Foundation','aliquam,','MHJ49ARU3PC','829-949 Quisque Ave','Pontevedra','Spain','88533'),(15,'Ornare Elit Elit Associates','Etiam','ITR85XCH7CN','Ap #290-4147 Ut Road','Ceuta','Spain','37916'),(16,'Nonummy Ac Feugiat LLP','lacus.','OFB29SNS3RI','P.O. Box 402, 9483 Pede Rd.','Pamplona','Spain','89593'),(17,'Enim PC','sagittis','CHI45WUV5GL','P.O. Box 504, 1923 Non Rd.','Palma de Mallorca','Spain','06282'),(18,'Sed Leo Cras Company','Duis','XSE12HEF8TK','Ap #551-3326 Neque St.','Valéncia','Spain','46987'),(19,'Nisl Associates','id,','MGF52KIW5WX','P.O. Box 449, 3211 In Av.','Alcalá de Henares','Spain','64515'),(20,'Felis Purus Ac Associates','leo,','LAU26SXH3MX','Ap #149-5966 Non Street','Cartagena','Spain','93517'),(21,'Felis Incorporated','imperdiet,','ELX75LYS8WA','Ap #326-5305 Dolor Av.','Leganés','Spain','18984'),(22,'Etiam Bibendum Industries','sociis','CQF34EIM4YG','Ap #361-4725 Eget Rd.','Cáceres','Spain','56006'),(23,'A Scelerisque Sed Corp.','imperdiet','XDN25PXG9DP','Ap #447-5301 Ut Street','Badajoz','Spain','19101'),(24,'Nec Tellus Foundation','risus','GLY27FZP9XK','434-621 In Road','Logroño','Spain','59078'),(25,'Fames Associates','pretium','WOZ09LYZ2DN','3266 Non Rd.','Huesca','Spain','57768'),(26,'Auctor Velit Eget Incorporated','volutpat.','LEY36KFK7WW','1568 Lorem Street','Pamplona','Spain','55578'),(27,'Amet Ornare LLC','Phasellus','UCV66TUJ5CF','134-6362 A Av.','Alcorcón','Spain','29840'),(28,'Quisque Tincidunt Foundation','habitant','FYF99AKR4HA','111-7969 Penatibus Avenue','Palma de Mallorca','Spain','06115'),(29,'Augue Incorporated','ac,','XIS16KHK2TE','2558 Integer Ave','Donosti','Spain','49894'),(30,'Suspendisse Non Leo Consulting','a','OJK22YYP8MA','9961 Elit. Rd.','Palma de Mallorca','Spain','47015');
/*!40000 ALTER TABLE `supplier` ENABLE KEYS */;
UNLOCK TABLES;

--
-- Table structure for table `supplier_bill`
--

DROP TABLE IF EXISTS `supplier_bill`;
/*!40101 SET @saved_cs_client     = @@character_set_client */;
/*!50503 SET character_set_client = utf8mb4 */;
CREATE TABLE `supplier_bill` (
  `supplier_bill_ID` int NOT NULL AUTO_INCREMENT,
  `subtotal` decimal(10,2) unsigned DEFAULT '0.00',
  `taxes` decimal(4,2) unsigned DEFAULT '0.00',
  `discount` decimal(4,2) unsigned DEFAULT '0.00',
  `shipping` decimal(5,2) unsigned DEFAULT '0.00',
  `total` decimal(6,2) unsigned DEFAULT '0.00',
  `issue_date` datetime NOT NULL,
  `status` int NOT NULL,
  `supplier_ID` int NOT NULL,
  PRIMARY KEY (`supplier_bill_ID`),
  KEY `fk_supplier_bill_status_idx` (`status`),
  KEY `fk_supplier_bill_supplier_idx` (`supplier_ID`),
  CONSTRAINT `fk_supplier_bill_status` FOREIGN KEY (`status`) REFERENCES `myapp`.`status` (`status_ID`) ON DELETE RESTRICT ON UPDATE RESTRICT,
  CONSTRAINT `fk_supplier_bill_supplier` FOREIGN KEY (`supplier_ID`) REFERENCES `myapp`.`supplier` (`supplier_ID`)
) ENGINE=InnoDB AUTO_INCREMENT=51 DEFAULT CHARSET=utf8mb4 COLLATE=utf8mb4_0900_ai_ci;
/*!40101 SET character_set_client = @saved_cs_client */;

--
-- Dumping data for table `supplier_bill`
--

LOCK TABLES `supplier_bill` WRITE;
/*!40000 ALTER TABLE `supplier_bill` DISABLE KEYS */;
INSERT INTO `supplier_bill` VALUES (1,102.96,10.00,25.00,16.00,98.14,'2021-08-13 15:09:08',503,3),(2,114.56,4.00,15.00,13.00,112.76,'2021-05-15 15:54:10',505,1),(3,1708.23,8.00,25.00,15.00,1395.82,'2021-03-04 10:40:18',504,21),(4,1907.18,6.00,15.00,13.00,1730.08,'2020-03-17 23:04:49',505,14),(5,1118.53,5.00,10.00,10.00,1066.46,'2020-10-07 00:06:24',505,23),(6,1239.06,7.00,5.00,19.00,1278.82,'2021-05-05 21:57:01',504,28),(7,0.00,2.00,10.00,17.00,0.00,'2021-12-21 05:15:45',503,28),(8,18.13,8.00,25.00,15.00,26.84,'2021-08-07 20:25:13',505,5),(9,814.43,4.00,50.00,19.00,433.38,'2020-03-04 10:58:16',504,14),(10,648.70,8.00,5.00,16.00,681.98,'2020-06-06 03:52:02',505,22),(11,0.00,10.00,0.00,16.00,0.00,'2021-04-25 09:26:18',503,27),(12,0.00,7.00,0.00,14.00,0.00,'2021-12-09 02:43:12',503,15),(13,695.61,3.00,0.00,16.00,732.96,'2021-01-08 23:39:33',505,7),(14,1722.71,6.00,0.00,14.00,1840.91,'2021-08-16 20:21:35',503,24),(15,1563.00,5.00,0.00,16.00,1657.95,'2020-07-05 04:04:17',503,27),(16,0.00,1.00,0.00,19.00,0.00,'2021-03-17 10:55:34',504,16),(17,1737.77,5.00,0.00,16.00,1841.46,'2021-06-16 22:48:03',504,3),(18,452.78,3.00,0.00,19.00,485.93,'2020-01-05 17:59:28',505,8),(19,540.21,4.00,0.00,13.00,575.34,'2021-07-01 19:36:10',504,12),(20,1026.60,1.00,0.00,19.00,1056.06,'2020-05-17 04:12:08',503,13);
/*!40000 ALTER TABLE `supplier_bill` ENABLE KEYS */;
UNLOCK TABLES;
/*!50003 SET @saved_cs_client      = @@character_set_client */ ;
/*!50003 SET @saved_cs_results     = @@character_set_results */ ;
/*!50003 SET @saved_col_connection = @@collation_connection */ ;
/*!50003 SET character_set_client  = utf8mb4 */ ;
/*!50003 SET character_set_results = utf8mb4 */ ;
/*!50003 SET collation_connection  = utf8mb4_0900_ai_ci */ ;
/*!50003 SET @saved_sql_mode       = @@sql_mode */ ;
/*!50003 SET sql_mode              = 'STRICT_TRANS_TABLES,NO_ENGINE_SUBSTITUTION' */ ;
DELIMITER ;;
/*!50003 CREATE*/ /*!50017 DEFINER=`root`@`localhost`*/ /*!50003 TRIGGER `supplier_bill_BEFORE_UPDATE` BEFORE UPDATE ON `supplier_bill` FOR EACH ROW BEGIN
	IF NEW.subtotal>0
    THEN
		SET NEW.total = ((NEW.subtotal + NEW.shipping) * (1 + NEW.taxes/100)) * (1 - NEW.discount/100);
	END IF;
END */;;
DELIMITER ;
/*!50003 SET sql_mode              = @saved_sql_mode */ ;
/*!50003 SET character_set_client  = @saved_cs_client */ ;
/*!50003 SET character_set_results = @saved_cs_results */ ;
/*!50003 SET collation_connection  = @saved_col_connection */ ;

--
-- Table structure for table `supplier_order`
--

DROP TABLE IF EXISTS `supplier_order`;
/*!40101 SET @saved_cs_client     = @@character_set_client */;
/*!50503 SET character_set_client = utf8mb4 */;
CREATE TABLE `supplier_order` (
  `supplier_order_ID` int NOT NULL AUTO_INCREMENT,
  `ordered_date` datetime NOT NULL,
  `delivery_date` datetime NOT NULL,
  `periodicity` int DEFAULT NULL,
  `status` int NOT NULL,
  `comment` varchar(500) DEFAULT NULL,
  `supplier_bill_ID` int NOT NULL,
  PRIMARY KEY (`supplier_order_ID`),
  KEY `fk_supplier_order_status_idx` (`status`),
  KEY `fk_supplier_order_bill_idx` (`supplier_bill_ID`),
  CONSTRAINT `fk_supplier_order_bill` FOREIGN KEY (`supplier_bill_ID`) REFERENCES `supplier_bill` (`supplier_bill_ID`) ON DELETE RESTRICT ON UPDATE RESTRICT,
  CONSTRAINT `fk_supplier_order_status` FOREIGN KEY (`status`) REFERENCES `myapp`.`status` (`status_ID`) ON DELETE RESTRICT ON UPDATE RESTRICT
) ENGINE=InnoDB AUTO_INCREMENT=51 DEFAULT CHARSET=utf8mb4 COLLATE=utf8mb4_0900_ai_ci;
/*!40101 SET character_set_client = @saved_cs_client */;

--
-- Dumping data for table `supplier_order`
--

LOCK TABLES `supplier_order` WRITE;
/*!40000 ALTER TABLE `supplier_order` DISABLE KEYS */;
INSERT INTO `supplier_order` VALUES (1,'2020-11-22 00:12:08','2021-05-28 17:00:23',NULL,405,NULL,1),(2,'2021-07-05 23:35:30','2020-11-09 04:56:40',NULL,405,NULL,3),(3,'2021-01-21 01:28:46','2021-10-01 21:54:56',NULL,405,NULL,17),(4,'2021-07-19 01:09:48','2020-11-22 08:57:39',NULL,405,NULL,15),(5,'2021-04-13 11:18:31','2020-11-28 13:43:48',NULL,406,NULL,9),(6,'2020-07-16 14:39:02','2020-12-12 12:45:08',NULL,405,NULL,17),(7,'2021-02-19 16:33:38','2020-06-30 23:24:40',NULL,405,NULL,19),(8,'2020-10-21 00:52:00','2021-10-08 15:09:30',NULL,406,NULL,2),(9,'2021-02-27 05:23:17','2021-01-26 16:21:38',NULL,405,NULL,6),(10,'2020-10-26 00:31:33','2021-09-29 10:48:59',NULL,405,NULL,13),(11,'2020-03-24 06:41:09','2020-11-17 14:49:15',NULL,406,NULL,17),(12,'2020-10-03 11:27:57','2021-11-03 12:04:17',NULL,406,NULL,19),(13,'2021-11-13 23:20:16','2021-12-10 00:43:40',NULL,405,NULL,15),(14,'2020-01-30 19:49:56','2020-12-30 08:54:15',NULL,406,NULL,2),(15,'2021-11-15 03:57:48','2021-09-19 23:29:28',NULL,406,NULL,6),(16,'2021-08-15 09:51:07','2020-07-18 02:45:47',NULL,405,NULL,4),(17,'2020-05-14 06:58:27','2021-12-20 04:53:26',NULL,406,NULL,7),(18,'2021-11-21 10:25:01','2020-07-22 22:29:10',NULL,406,NULL,10),(19,'2020-08-12 17:49:25','2021-08-24 18:54:15',NULL,405,NULL,19),(20,'2020-06-13 01:58:31','2020-09-14 01:09:35',NULL,405,NULL,8),(21,'2021-04-08 11:34:14','2021-12-12 05:04:44',NULL,405,NULL,8),(22,'2021-03-12 08:46:26','2021-02-02 00:25:25',NULL,406,NULL,18),(23,'2021-04-20 22:57:33','2021-05-13 00:56:09',NULL,406,NULL,1),(24,'2020-09-15 16:01:24','2020-09-28 10:02:51',NULL,406,NULL,7),(25,'2021-03-29 14:32:28','2020-08-30 03:59:57',NULL,406,NULL,19),(26,'2020-08-09 20:59:58','2020-01-18 11:49:40',NULL,405,NULL,20),(27,'2021-04-08 00:59:18','2021-07-06 18:28:27',NULL,405,NULL,17),(28,'2020-09-15 05:16:49','2020-11-01 04:02:49',NULL,406,NULL,4),(29,'2021-07-05 12:09:27','2020-10-02 12:06:01',NULL,406,NULL,6),(30,'2021-12-14 02:35:38','2019-12-29 13:15:27',NULL,406,NULL,16),(31,'2021-12-01 08:25:30','2021-08-31 12:36:18',NULL,406,NULL,15),(32,'2021-02-21 11:34:33','2020-01-05 14:28:52',NULL,406,NULL,1),(33,'2021-08-22 03:10:59','2020-05-07 18:18:24',NULL,405,NULL,12),(34,'2021-12-07 01:40:25','2021-11-12 20:54:04',NULL,406,NULL,2),(35,'2020-09-11 02:47:11','2020-10-01 07:02:22',NULL,406,NULL,9),(36,'2021-03-21 17:40:36','2020-01-03 05:30:43',NULL,406,NULL,19),(37,'2020-06-21 05:50:41','2020-06-07 06:18:23',NULL,406,NULL,3),(38,'2020-04-05 14:39:40','2020-05-26 23:35:47',NULL,405,NULL,11),(39,'2020-10-03 01:22:42','2021-11-22 13:48:59',NULL,406,NULL,14),(40,'2020-08-11 05:14:15','2021-07-17 23:23:18',NULL,405,NULL,5),(41,'2020-02-20 18:05:21','2021-09-11 16:21:29',NULL,405,NULL,15),(42,'2020-05-21 07:35:34','2021-10-21 18:10:49',NULL,405,NULL,4),(43,'2020-12-29 07:45:08','2020-06-28 06:29:55',NULL,406,NULL,20),(44,'2021-10-29 10:29:57','2021-04-11 19:34:57',NULL,406,NULL,20),(45,'2020-10-22 20:44:13','2021-08-18 00:49:17',NULL,405,NULL,8),(46,'2021-07-15 23:42:57','2021-03-05 22:20:39',NULL,406,NULL,13),(47,'2021-07-05 17:43:16','2020-11-22 01:54:39',NULL,405,NULL,17),(48,'2021-02-18 17:44:03','2021-08-09 14:34:55',NULL,405,NULL,15),(49,'2020-12-31 05:25:46','2021-02-17 04:30:59',NULL,406,NULL,4),(50,'2020-09-20 18:01:24','2021-04-28 05:48:10',NULL,406,NULL,9);
/*!40000 ALTER TABLE `supplier_order` ENABLE KEYS */;
UNLOCK TABLES;

--
-- Table structure for table `supplier_order_item`
--

DROP TABLE IF EXISTS `supplier_order_item`;
/*!40101 SET @saved_cs_client     = @@character_set_client */;
/*!50503 SET character_set_client = utf8mb4 */;
CREATE TABLE `supplier_order_item` (
  `supplier_order_ID` int NOT NULL,
  `product_ID` int NOT NULL,
  `quantity` int unsigned NOT NULL,
  `discount` decimal(4,2) unsigned DEFAULT NULL,
  `item_price` decimal(7,2) unsigned DEFAULT '0.00',
  PRIMARY KEY (`supplier_order_ID`,`product_ID`),
  KEY `fk_supplier_order_item_product_idx` (`product_ID`),
  CONSTRAINT `fk_supplier_order_item_product` FOREIGN KEY (`product_ID`) REFERENCES `supplier_private`.`product` (`product_ID`) ON DELETE CASCADE ON UPDATE CASCADE,
  CONSTRAINT `fk_supplier_order_item_supplier_order` FOREIGN KEY (`supplier_order_ID`) REFERENCES `supplier_order` (`supplier_order_ID`) ON DELETE CASCADE ON UPDATE CASCADE
) ENGINE=InnoDB DEFAULT CHARSET=utf8mb4 COLLATE=utf8mb4_0900_ai_ci;
/*!40101 SET character_set_client = @saved_cs_client */;

--
-- Dumping data for table `supplier_order_item`
--

LOCK TABLES `supplier_order_item` WRITE;
/*!40000 ALTER TABLE `supplier_order_item` DISABLE KEYS */;
INSERT INTO `supplier_order_item` VALUES (2,23,3,14.00,152.40),(2,32,8,7.00,559.19),(3,45,9,8.00,529.67),(3,95,5,3.00,40.16),(4,5,3,1.00,117.58),(4,43,8,21.00,141.50),(9,26,7,11.00,594.34),(10,1,8,7.00,216.28),(11,15,4,2.00,301.53),(14,27,7,6.00,68.10),(15,69,8,22.00,299.77),(16,87,5,23.00,311.20),(16,88,5,20.00,227.04),(18,75,10,1.00,585.49),(18,92,4,18.00,63.21),(21,48,1,5.00,18.13),(22,88,9,22.00,398.46),(22,95,8,18.00,54.32),(23,57,4,12.00,73.46),(26,19,7,23.00,314.29),(27,22,10,1.00,858.63),(28,31,2,11.00,144.80),(28,72,9,4.00,338.86),(28,80,9,18.00,120.66),(29,55,5,24.00,302.33),(29,60,1,23.00,42.62),(31,86,8,21.00,418.76),(32,27,3,5.00,29.50),(34,39,3,5.00,46.46),(36,55,7,3.00,540.21),(37,70,9,21.00,466.56),(37,86,10,20.00,530.08),(39,41,8,25.00,502.44),(39,45,9,22.00,449.07),(39,52,3,16.00,211.05),(39,87,9,23.00,560.15),(40,36,9,5.00,484.27),(40,52,6,20.00,402.00),(40,58,10,24.00,232.26),(41,97,9,5.00,115.77),(42,33,7,21.00,516.61),(42,62,7,25.00,248.01),(43,35,7,11.00,576.65),(43,41,2,19.00,135.66),(46,16,6,20.00,479.33),(47,95,1,6.00,7.78),(48,8,7,3.00,607.98),(48,69,4,16.00,161.41),(50,12,8,9.00,648.43),(50,48,10,13.00,166.00);
/*!40000 ALTER TABLE `supplier_order_item` ENABLE KEYS */;
UNLOCK TABLES;
/*!50003 SET @saved_cs_client      = @@character_set_client */ ;
/*!50003 SET @saved_cs_results     = @@character_set_results */ ;
/*!50003 SET @saved_col_connection = @@collation_connection */ ;
/*!50003 SET character_set_client  = utf8mb4 */ ;
/*!50003 SET character_set_results = utf8mb4 */ ;
/*!50003 SET collation_connection  = utf8mb4_0900_ai_ci */ ;
/*!50003 SET @saved_sql_mode       = @@sql_mode */ ;
/*!50003 SET sql_mode              = 'STRICT_TRANS_TABLES,NO_ENGINE_SUBSTITUTION' */ ;
DELIMITER ;;
/*!50003 CREATE*/ /*!50017 DEFINER=`root`@`localhost`*/ /*!50003 TRIGGER `supplier_order_item_BEFORE_INSERT` BEFORE INSERT ON `supplier_order_item` FOR EACH ROW BEGIN
	SET NEW.item_price = 
    (
		SELECT sp.price * NEW.quantity * (1 - NEW.discount/100)
			FROM supplier_private.product sp
		WHERE sp.product_ID = NEW.product_ID
        LIMIT 1
	);
END */;;
DELIMITER ;
/*!50003 SET sql_mode              = @saved_sql_mode */ ;
/*!50003 SET character_set_client  = @saved_cs_client */ ;
/*!50003 SET character_set_results = @saved_cs_results */ ;
/*!50003 SET collation_connection  = @saved_col_connection */ ;
/*!50003 SET @saved_cs_client      = @@character_set_client */ ;
/*!50003 SET @saved_cs_results     = @@character_set_results */ ;
/*!50003 SET @saved_col_connection = @@collation_connection */ ;
/*!50003 SET character_set_client  = utf8mb4 */ ;
/*!50003 SET character_set_results = utf8mb4 */ ;
/*!50003 SET collation_connection  = utf8mb4_0900_ai_ci */ ;
/*!50003 SET @saved_sql_mode       = @@sql_mode */ ;
/*!50003 SET sql_mode              = 'STRICT_TRANS_TABLES,NO_ENGINE_SUBSTITUTION' */ ;
DELIMITER ;;
/*!50003 CREATE*/ /*!50017 DEFINER=`root`@`localhost`*/ /*!50003 TRIGGER `supplier_order_item_AFTER_INSERT` AFTER INSERT ON `supplier_order_item` FOR EACH ROW BEGIN
	UPDATE supplier_bill sb
    INNER JOIN supplier_order so 
		ON sb.supplier_bill_ID = so.supplier_bill_ID
    INNER JOIN supplier_order_item soi 
		ON so.supplier_order_ID = soi.supplier_order_ID
    SET subtotal = subtotal + NEW.item_price
    WHERE sb.supplier_bill_ID = (SELECT supplier_bill_ID FROM supplier_order
							 WHERE supplier_order_ID = NEW.supplier_order_ID);   
    
END */;;
DELIMITER ;
/*!50003 SET sql_mode              = @saved_sql_mode */ ;
/*!50003 SET character_set_client  = @saved_cs_client */ ;
/*!50003 SET character_set_results = @saved_cs_results */ ;
/*!50003 SET collation_connection  = @saved_col_connection */ ;
/*!50003 SET @saved_cs_client      = @@character_set_client */ ;
/*!50003 SET @saved_cs_results     = @@character_set_results */ ;
/*!50003 SET @saved_col_connection = @@collation_connection */ ;
/*!50003 SET character_set_client  = utf8mb4 */ ;
/*!50003 SET character_set_results = utf8mb4 */ ;
/*!50003 SET collation_connection  = utf8mb4_0900_ai_ci */ ;
/*!50003 SET @saved_sql_mode       = @@sql_mode */ ;
/*!50003 SET sql_mode              = 'STRICT_TRANS_TABLES,NO_ENGINE_SUBSTITUTION' */ ;
DELIMITER ;;
/*!50003 CREATE*/ /*!50017 DEFINER=`root`@`localhost`*/ /*!50003 TRIGGER `supplier_order_item_BEFORE_UPDATE` BEFORE UPDATE ON `supplier_order_item` FOR EACH ROW BEGIN
	SET NEW.item_price = 
    (
		SELECT sp.price * NEW.quantity * (1 - NEW.discount/100)
			FROM supplier_private.product sp
		WHERE sp.product_ID = NEW.product_ID
        LIMIT 1
	);
END */;;
DELIMITER ;
/*!50003 SET sql_mode              = @saved_sql_mode */ ;
/*!50003 SET character_set_client  = @saved_cs_client */ ;
/*!50003 SET character_set_results = @saved_cs_results */ ;
/*!50003 SET collation_connection  = @saved_col_connection */ ;

--
-- Table structure for table `table`
--

DROP TABLE IF EXISTS `table`;
/*!40101 SET @saved_cs_client     = @@character_set_client */;
/*!50503 SET character_set_client = utf8mb4 */;
CREATE TABLE `table` (
  `table_number` int NOT NULL,
  `capacity` int NOT NULL,
  `status` int NOT NULL,
  `status_change` timestamp NOT NULL,
  `zone` int NOT NULL,
  PRIMARY KEY (`table_number`),
  KEY `fk_table_status_idx` (`status`) /*!80000 INVISIBLE */,
  KEY `fk_table_zone_idx` (`zone`),
  CONSTRAINT `fk_table_status` FOREIGN KEY (`status`) REFERENCES `myapp`.`status` (`status_ID`) ON DELETE RESTRICT ON UPDATE RESTRICT,
  CONSTRAINT `fk_table_zone` FOREIGN KEY (`zone`) REFERENCES `myapp`.`table_zone` (`zone_ID`) ON DELETE RESTRICT ON UPDATE RESTRICT
) ENGINE=InnoDB DEFAULT CHARSET=utf8mb4 COLLATE=utf8mb4_0900_ai_ci;
/*!40101 SET character_set_client = @saved_cs_client */;

--
-- Dumping data for table `table`
--

LOCK TABLES `table` WRITE;
/*!40000 ALTER TABLE `table` DISABLE KEYS */;
INSERT INTO `table` VALUES (1,3,101,'2021-01-26 07:04:43',1),(2,2,102,'2020-07-21 17:58:22',1),(3,6,101,'2021-10-17 23:15:03',1),(4,2,102,'2021-04-15 09:41:16',1),(5,5,104,'2020-01-02 12:55:15',1),(6,1,104,'2020-04-17 07:11:33',1),(7,5,104,'2021-01-26 20:08:18',1),(8,5,102,'2021-06-22 16:15:06',1),(9,5,103,'2020-09-18 07:42:11',1),(10,6,104,'2021-06-05 03:29:45',1),(11,3,104,'2020-12-24 06:53:48',1),(12,1,101,'2019-12-24 19:03:03',1),(13,2,102,'2020-03-24 00:09:11',1),(14,5,102,'2020-02-15 10:31:36',1),(15,3,102,'2021-10-04 04:43:44',1),(16,1,101,'2021-04-25 19:10:58',1),(17,6,104,'2021-03-27 15:39:59',1),(18,2,102,'2021-06-12 20:57:52',1),(19,3,104,'2020-11-14 05:59:19',2),(20,6,104,'2021-10-19 19:45:26',2),(21,2,103,'2020-04-09 22:41:06',2),(22,1,102,'2020-06-17 01:57:33',2),(23,4,102,'2021-08-26 20:29:35',2),(24,5,103,'2021-08-14 21:10:44',2),(25,3,104,'2021-10-02 23:00:24',2),(26,6,104,'2020-08-10 16:57:47',3),(27,4,101,'2021-07-08 03:24:18',3),(28,6,104,'2021-06-14 12:35:40',4),(29,4,104,'2020-10-16 13:52:45',4),(30,1,102,'2020-08-25 18:40:44',4);
/*!40000 ALTER TABLE `table` ENABLE KEYS */;
UNLOCK TABLES;

--
-- Table structure for table `table_zone`
--

DROP TABLE IF EXISTS `table_zone`;
/*!40101 SET @saved_cs_client     = @@character_set_client */;
/*!50503 SET character_set_client = utf8mb4 */;
CREATE TABLE `table_zone` (
  `zone_ID` int NOT NULL AUTO_INCREMENT,
  `name` varchar(45) NOT NULL,
  PRIMARY KEY (`zone_ID`)
) ENGINE=InnoDB AUTO_INCREMENT=5 DEFAULT CHARSET=utf8mb4 COLLATE=utf8mb4_0900_ai_ci;
/*!40101 SET character_set_client = @saved_cs_client */;

--
-- Dumping data for table `table_zone`
--

LOCK TABLES `table_zone` WRITE;
/*!40000 ALTER TABLE `table_zone` DISABLE KEYS */;
INSERT INTO `table_zone` VALUES (1,'indoor'),(2,'terrace'),(3,'take away'),(4,'delivery');
/*!40000 ALTER TABLE `table_zone` ENABLE KEYS */;
UNLOCK TABLES;

--
-- Table structure for table `units`
--

DROP TABLE IF EXISTS `units`;
/*!40101 SET @saved_cs_client     = @@character_set_client */;
/*!50503 SET character_set_client = utf8mb4 */;
CREATE TABLE `units` (
  `unit_ID` int NOT NULL AUTO_INCREMENT,
  `name` varchar(45) DEFAULT NULL,
  PRIMARY KEY (`unit_ID`)
) ENGINE=InnoDB AUTO_INCREMENT=8 DEFAULT CHARSET=utf8mb4 COLLATE=utf8mb4_0900_ai_ci;
/*!40101 SET character_set_client = @saved_cs_client */;

--
-- Dumping data for table `units`
--

LOCK TABLES `units` WRITE;
/*!40000 ALTER TABLE `units` DISABLE KEYS */;
INSERT INTO `units` VALUES (1,'kg'),(2,'g'),(3,'l'),(4,'cl'),(5,'ml'),(6,'unit'),(7,'dozen');
/*!40000 ALTER TABLE `units` ENABLE KEYS */;
UNLOCK TABLES;

--
-- Table structure for table `user_order_type`
--

DROP TABLE IF EXISTS `user_order_type`;
/*!40101 SET @saved_cs_client     = @@character_set_client */;
/*!50503 SET character_set_client = utf8mb4 */;
CREATE TABLE `user_order_type` (
  `type_ID` int NOT NULL AUTO_INCREMENT,
  `type_name` varchar(45) NOT NULL,
  `type_description` varchar(500) DEFAULT NULL,
  PRIMARY KEY (`type_ID`)
) ENGINE=InnoDB AUTO_INCREMENT=5 DEFAULT CHARSET=utf8mb4 COLLATE=utf8mb4_0900_ai_ci;
/*!40101 SET character_set_client = @saved_cs_client */;

--
-- Dumping data for table `user_order_type`
--

LOCK TABLES `user_order_type` WRITE;
/*!40000 ALTER TABLE `user_order_type` DISABLE KEYS */;
INSERT INTO `user_order_type` VALUES (1,'local','This order will be served in the restaurant'),(2,'take away','The customer will pick up the order'),(3,'delivery','The order will be delivered to the customer\'s'),(4,'only drinks','The customer will not order anything to the kitchen');
/*!40000 ALTER TABLE `user_order_type` ENABLE KEYS */;
UNLOCK TABLES;

--
-- Dumping events for database 'restaurant_private'
--

--
-- Dumping routines for database 'restaurant_private'
--
/*!40103 SET TIME_ZONE=@OLD_TIME_ZONE */;

/*!40101 SET SQL_MODE=@OLD_SQL_MODE */;
/*!40014 SET FOREIGN_KEY_CHECKS=@OLD_FOREIGN_KEY_CHECKS */;
/*!40014 SET UNIQUE_CHECKS=@OLD_UNIQUE_CHECKS */;
/*!40101 SET CHARACTER_SET_CLIENT=@OLD_CHARACTER_SET_CLIENT */;
/*!40101 SET CHARACTER_SET_RESULTS=@OLD_CHARACTER_SET_RESULTS */;
/*!40101 SET COLLATION_CONNECTION=@OLD_COLLATION_CONNECTION */;
/*!40111 SET SQL_NOTES=@OLD_SQL_NOTES */;

-- Dump completed on 2021-01-26  7:23:58
